"","stratifications","stratifying_by","n_unsuppressed_estimates","estimate_range","ethnicity","race","sex","education","poverty","FMD_prev_1993","FMD_prev_1993_rank","FMD_prev_2019","FMD_prev_2019_rank","FMD_prev_change_1993_2019","FMD_prev_annual_change","FMD_prev_annual_change_rank","FMD_ineq_abs_1993","FMD_ineq_abs_1993_rank","FMD_ineq_abs_2019","FMD_ineq_abs_2019_rank","FMD_ineq_abs_change_1993_2019","FMD_ineq_abs_annual_change","FMD_ineq_abs_annual_change_rank","FMD_ineq_mult_1993","FMD_ineq_mult_1993_rank","FMD_ineq_mult_2019","FMD_ineq_mult_2019_rank","FMD_ineq_mult_change_1993_2019","FMD_ineq_mult_annual_change","FMD_ineq_mult_annual_change_rank"
"1",0,"Overall",26,"1993-2019","All","All","All","All","All","8.83 (95% CI: 8.49 to 9.16)",NA,"15.1 (95% CI: 14.8 to 15.3)",NA,6.23,0.249,NA,NA,NA,NA,NA,NA,NA,NA,NA,NA,NA,NA,NA,NA,NA
"2",1,"Education",26,"1993-2019","All","All","All",">=HS","All","8.15 (95% CI: 7.83 to 8.46)",1,"14.3 (95% CI: 14 to 14.6)",1,6.19,0.249,1,"0 (95% CI: 0 to 0)",1,"0 (95% CI: 0 to 0)",100,0,0,1,"0 (95% CI: 0 to 0)",1,"0 (95% CI: 0 to 0)",1,0,0,2
"3",1,"Education",26,"1993-2019","All","All","All","<HS","All","14.3 (95% CI: 12.8 to 16)",2,"21.5 (95% CI: 20.2 to 22.8)",2,7.26,0.257,2,"6.12 (95% CI: 4.68 to 7.77)",2,"7.19 (95% CI: 5.89 to 8.53)",200,1.07,0.00799,2,"75.1 (95% CI: 56.4 to 96.8)",2,"50.1 (95% CI: 40.7 to 59.6)",2,-25,-1.36,1
"4",1,"Ethnicity",26,"1993-2019","Hispanic","All","All","All","All","10.5 (95% CI: 8.41 to 12.9)",2,"13.2 (95% CI: 12.2 to 14.3)",1,2.75,0.12,1,"1.79 (95% CI: -0.355 to 4.27)",2,"-2.09 (95% CI: -3.28 to -0.983)",100,-3.88,-0.143,1,"20.6 (95% CI: -4.16 to 48.7)",2,"-13.6 (95% CI: -21.1 to -6.49)",1,-34.2,-1.25,1
"5",1,"Ethnicity",26,"1993-2019","Non-Hispanic","All","All","All","All","8.71 (95% CI: 8.39 to 9.02)",1,"15.3 (95% CI: 15 to 15.6)",2,6.63,0.263,2,"0 (95% CI: 0 to 0)",1,"0 (95% CI: 0 to 0)",200,0,0,2,"0 (95% CI: 0 to 0)",1,"0 (95% CI: 0 to 0)",2,0,0,2
"6",1,"Poverty Status",26,"1993-2019","All","All","All","All","Not In Poverty","7.63 (95% CI: 7.35 to 7.93)",1,"13.1 (95% CI: 12.8 to 13.4)",1,5.45,0.224,1,"0 (95% CI: 0 to 0)",1,"0 (95% CI: 0 to 0)",100,0,0,1,"0 (95% CI: 0 to 0)",1,"0 (95% CI: 0 to 0)",1,0,0,2
"7",1,"Poverty Status",26,"1993-2019","All","All","All","All","In Poverty","15.7 (95% CI: 14.4 to 17.2)",2,"24.9 (95% CI: 23.9 to 26)",2,9.25,0.336,2,"8.06 (95% CI: 6.64 to 9.66)",2,"11.9 (95% CI: 10.8 to 12.9)",200,3.8,0.113,2,"106 (95% CI: 86.4 to 129)",2,"90.7 (95% CI: 81.4 to 99.5)",2,-15,-1.08,1
"8",1,"Race",26,"1993-2019","All","White","All","All","All","8.67 (95% CI: 8.32 to 9.02)",1,"14.9 (95% CI: 14.7 to 15.3)",1,6.28,0.255,2,"0 (95% CI: 0 to 0)",1,"0 (95% CI: 0 to 0)",100,0,0,2,"0 (95% CI: 0 to 0)",1,"0 (95% CI: 0 to 0)",1,0,0,2
"9",1,"Race",26,"1993-2019","All","Black","All","All","All","10.2 (95% CI: 9.29 to 11.2)",2,"15.6 (95% CI: 14.8 to 16.5)",2,5.45,0.189,1,"1.51 (95% CI: 0.627 to 2.52)",2,"0.686 (95% CI: -0.245 to 1.67)",200,-0.829,-0.0657,1,"17.5 (95% CI: 7.13 to 29.6)",2,"4.6 (95% CI: -1.62 to 11.4)",2,-12.9,-0.835,1
"10",1,"Sex",26,"1993-2019","All","All","Male","All","All","7.1 (95% CI: 6.61 to 7.54)",1,"12.5 (95% CI: 12.1 to 12.9)",1,5.44,0.215,1,"0 (95% CI: 0 to 0)",1,"0 (95% CI: 0 to 0)",100,0,0,1,"0 (95% CI: 0 to 0)",1,"0 (95% CI: 0 to 0)",1,0,0,2
"11",1,"Sex",26,"1993-2019","All","All","Female","All","All","10.5 (95% CI: 10.1 to 11)",2,"17.5 (95% CI: 17.1 to 18)",2,6.99,0.281,2,"3.44 (95% CI: 2.77 to 4.16)",2,"5 (95% CI: 4.4 to 5.57)",200,1.56,0.0659,2,"48.7 (95% CI: 37.1 to 61.9)",2,"39.9 (95% CI: 34.4 to 45.6)",2,-8.78,-0.295,1
"12",2,"Education, Poverty Status",26,"1993-2019","All","All","All",">=HS","Not In Poverty","7.33 (95% CI: 7.04 to 7.63)",1,"12.6 (95% CI: 12.3 to 12.9)",1,5.29,0.218,2,"0 (95% CI: 0 to 0)",1,"0 (95% CI: 0 to 0)",100,0,0,2,"0 (95% CI: 0 to 0)",1,"0 (95% CI: 0 to 0)",1,0,0,4
"13",2,"Education, Poverty Status",26,"1993-2019","All","All","All","<HS","Not In Poverty","11.2 (95% CI: 10 to 12.6)",2,"20.1 (95% CI: 18.2 to 22)",2,8.84,0.34,3,"3.91 (95% CI: 2.78 to 5.28)",2,"7.45 (95% CI: 5.51 to 9.36)",200,3.55,0.121,3,"53.3 (95% CI: 37.3 to 73)",2,"59.1 (95% CI: 43.3 to 74.4)",2,5.74,-0.0445,3
"14",2,"Education, Poverty Status",26,"1993-2019","All","All","All","<HS","In Poverty","18.8 (95% CI: 15.8 to 22.8)",4,"23.1 (95% CI: 21.3 to 25)",3,4.29,0.106,1,"11.5 (95% CI: 8.49 to 15.5)",4,"10.5 (95% CI: 8.54 to 12.4)",300,-1,-0.112,1,"157 (95% CI: 115 to 212)",4,"83.2 (95% CI: 67.1 to 98.4)",3,-73.8,-3.83,1
"15",2,"Education, Poverty Status",26,"1993-2019","All","All","All",">=HS","In Poverty","14.4 (95% CI: 12.9 to 15.7)",3,"25.7 (95% CI: 24.5 to 26.8)",4,11.3,0.433,4,"7.03 (95% CI: 5.61 to 8.49)",3,"13.1 (95% CI: 11.9 to 14.3)",400,6.04,0.215,4,"96 (95% CI: 75.5 to 117)",3,"104 (95% CI: 93.1 to 114)",4,7.58,-0.0694,2
"16",2,"Ethnicity, Education",26,"1993-2019","Hispanic","All","All","<HS","All","17.6 (95% CI: 11.4 to 25.9)",4,"11.6 (95% CI: 9.52 to 13.5)",1,-6.05,-0.294,1,"9.45 (95% CI: 3.5 to 17.6)",4,"-2.84 (95% CI: -4.89 to -0.867)",100,-12.3,-0.543,1,"116 (95% CI: 42.4 to 218)",4,"-19.7 (95% CI: -33.6 to -6.01)",1,-136,-5.95,1
"17",2,"Ethnicity, Education",26,"1993-2019","Hispanic","All","All",">=HS","All","8.09 (95% CI: 6.52 to 9.79)",1,"13.9 (95% CI: 12.6 to 15.2)",2,5.82,0.272,3,"-0.0671 (95% CI: -1.64 to 1.74)",1,"-0.493 (95% CI: -1.72 to 0.832)",200,-0.426,0.023,3,"-0.769 (95% CI: -19.8 to 21.2)",1,"-3.42 (95% CI: -11.8 to 5.8)",2,-2.65,0.301,3
"18",2,"Ethnicity, Education",26,"1993-2019","Non-Hispanic","All","All",">=HS","All","8.15 (95% CI: 7.82 to 8.49)",2,"14.4 (95% CI: 14.1 to 14.7)",3,6.24,0.249,2,"0 (95% CI: 0 to 0)",2,"0 (95% CI: 0 to 0)",300,0,0,2,"0 (95% CI: 0 to 0)",2,"0 (95% CI: 0 to 0)",3,0,0,2
"19",2,"Ethnicity, Education",26,"1993-2019","Non-Hispanic","All","All","<HS","All","13.7 (95% CI: 12.5 to 14.8)",3,"27.6 (95% CI: 26 to 29.3)",4,13.9,0.532,4,"5.52 (95% CI: 4.35 to 6.8)",3,"13.2 (95% CI: 11.6 to 15)",400,7.67,0.283,4,"67.8 (95% CI: 51.8 to 83.8)",3,"91.7 (95% CI: 80.4 to 105)",4,23.9,0.721,4
"20",2,"Ethnicity, Poverty Status",26,"1993-2019","Hispanic","All","All","All","Not In Poverty","7.58 (95% CI: 6.11 to 9.34)",1,"12.1 (95% CI: 10.8 to 13.5)",1,4.51,0.227,3,"-0.0547 (95% CI: -1.65 to 1.74)",1,"-1.1 (95% CI: -2.42 to 0.243)",100,-1.04,0.00219,3,"-0.655 (95% CI: -21.2 to 22.7)",1,"-8.29 (95% CI: -18.5 to 1.86)",1,-7.64,0.158,3
"21",2,"Ethnicity, Poverty Status",26,"1993-2019","Non-Hispanic","All","All","All","Not In Poverty","7.64 (95% CI: 7.31 to 7.95)",2,"13.2 (95% CI: 12.9 to 13.5)",2,5.55,0.225,2,"0 (95% CI: 0 to 0)",2,"0 (95% CI: 0 to 0)",200,0,0,2,"0 (95% CI: 0 to 0)",2,"0 (95% CI: 0 to 0)",2,0,0,2
"22",2,"Ethnicity, Poverty Status",26,"1993-2019","Hispanic","All","All","All","In Poverty","15.8 (95% CI: 10.7 to 22.6)",4,"15 (95% CI: 13.4 to 17)",3,-0.713,-0.0848,1,"8.12 (95% CI: 3.19 to 15)",4,"1.85 (95% CI: 0.155 to 3.72)",300,-6.27,-0.31,1,"106 (95% CI: 41.7 to 195)",4,"14.1 (95% CI: 1.17 to 28.4)",3,-92.3,-4.33,1
"23",2,"Ethnicity, Poverty Status",26,"1993-2019","Non-Hispanic","All","All","All","In Poverty","15.7 (95% CI: 14.4 to 16.9)",3,"29.6 (95% CI: 28.4 to 30.7)",4,13.9,0.532,4,"8.04 (95% CI: 6.71 to 9.37)",3,"16.4 (95% CI: 15.2 to 17.6)",400,8.33,0.307,4,"105 (95% CI: 86.5 to 124)",3,"124 (95% CI: 114 to 135)",4,18.8,0.426,4
"24",2,"Ethnicity, Sex",26,"1993-2019","Hispanic","All","Male","All","All","10.1 (95% CI: 6.71 to 14.1)",2,"11.1 (95% CI: 9.88 to 12.6)",1,1.04,0.0549,1,"3.21 (95% CI: -0.287 to 7.38)",2,"-1.63 (95% CI: -3.03 to -0.119)",100,-4.84,-0.176,1,"46.8 (95% CI: -4.11 to 109)",2,"-12.8 (95% CI: -23.5 to -0.931)",1,-59.5,-2.16,1
"25",2,"Ethnicity, Sex",26,"1993-2019","Non-Hispanic","All","Male","All","All","6.87 (95% CI: 6.47 to 7.26)",1,"12.7 (95% CI: 12.3 to 13.1)",2,5.87,0.231,3,"0 (95% CI: 0 to 0)",1,"0 (95% CI: 0 to 0)",200,0,0,3,"0 (95% CI: 0 to 0)",1,"0 (95% CI: 0 to 0)",2,0,0,4
"26",2,"Ethnicity, Sex",26,"1993-2019","Hispanic","All","Female","All","All","10.9 (95% CI: 8.89 to 13.1)",4,"15.2 (95% CI: 13.6 to 16.8)",3,4.3,0.18,2,"4.07 (95% CI: 1.98 to 6.3)",4,"2.49 (95% CI: 0.891 to 4.07)",300,-1.58,-0.0511,2,"59.3 (95% CI: 28.5 to 92.5)",4,"19.6 (95% CI: 6.95 to 31.8)",3,-39.7,-1.43,2
"27",2,"Ethnicity, Sex",26,"1993-2019","Non-Hispanic","All","Female","All","All","10.5 (95% CI: 10 to 11)",3,"17.9 (95% CI: 17.5 to 18.4)",4,7.39,0.296,4,"3.64 (95% CI: 3.04 to 4.24)",3,"5.16 (95% CI: 4.52 to 5.78)",400,1.52,0.0649,4,"53.1 (95% CI: 42 to 65.4)",3,"40.5 (95% CI: 34.7 to 46.1)",4,-12.6,-0.431,3
"28",2,"Race, Education",26,"1993-2019","All","White","All",">=HS","All","8.04 (95% CI: 7.72 to 8.35)",1,"14.2 (95% CI: 13.9 to 14.5)",1,6.18,0.253,3,"0 (95% CI: 0 to 0)",1,"0 (95% CI: 0 to 0)",100,0,0,3,"0 (95% CI: 0 to 0)",1,"0 (95% CI: 0 to 0)",1,0,0,4
"29",2,"Race, Education",26,"1993-2019","All","Black","All",">=HS","All","9.12 (95% CI: 8.17 to 10.1)",2,"15 (95% CI: 14.1 to 15.9)",2,5.89,0.21,2,"1.08 (95% CI: 0.0711 to 2.06)",2,"0.788 (95% CI: -0.309 to 1.79)",200,-0.287,-0.043,2,"13.4 (95% CI: 0.89 to 25.7)",2,"5.55 (95% CI: -2.14 to 12.8)",2,-7.86,-0.647,3
"30",2,"Race, Education",26,"1993-2019","All","Black","All","<HS","All","15.3 (95% CI: 12.7 to 18.1)",4,"20.8 (95% CI: 17.4 to 23.8)",3,5.53,0.174,1,"7.23 (95% CI: 4.71 to 9.9)",4,"6.58 (95% CI: 3.16 to 9.59)",300,-0.648,-0.0789,1,"89.9 (95% CI: 59.4 to 123)",4,"46.3 (95% CI: 22.2 to 66.8)",3,-43.6,-2.33,1
"31",2,"Race, Education",26,"1993-2019","All","White","All","<HS","All","14.1 (95% CI: 12.4 to 15.9)",3,"21.7 (95% CI: 20.2 to 23.1)",4,7.6,0.274,4,"6.03 (95% CI: 4.34 to 7.92)",3,"7.45 (95% CI: 5.97 to 8.9)",400,1.43,0.0216,4,"75 (95% CI: 54 to 99.8)",3,"52.4 (95% CI: 41.4 to 63)",4,-22.6,-1.31,2
"32",2,"Race, Ethnicity",26,"1993-2019","Hispanic","White","All","All","All","10.4 (95% CI: 8.15 to 13)",3,"13.1 (95% CI: 12 to 14.2)",1,2.74,0.123,2,"1.83 (95% CI: -0.361 to 4.53)",3,"-2.16 (95% CI: -3.42 to -1.06)",100,-3.99,-0.149,2,"21.4 (95% CI: -4.24 to 53)",3,"-14.1 (95% CI: -22.2 to -6.96)",1,-35.6,-1.32,2
"33",2,"Race, Ethnicity",26,"1993-2019","Hispanic","Black","All","All","All","12.1 (95% CI: 7.24 to 18.7)",4,"14.9 (95% CI: 11.6 to 18.9)",2,2.84,0.0827,1,"3.54 (95% CI: -1.19 to 10)",4,"-0.348 (95% CI: -3.67 to 3.72)",200,-3.89,-0.189,1,"41.5 (95% CI: -14.2 to 116)",4,"-2.27 (95% CI: -24 to 24.1)",2,-43.7,-2.07,1
"34",2,"Race, Ethnicity",26,"1993-2019","Non-Hispanic","White","All","All","All","8.54 (95% CI: 8.21 to 8.88)",1,"15.3 (95% CI: 15 to 15.6)",3,6.73,0.271,4,"0 (95% CI: 0 to 0)",1,"0 (95% CI: 0 to 0)",300,0,0,4,"0 (95% CI: 0 to 0)",1,"0 (95% CI: 0 to 0)",3,0,0,4
"35",2,"Race, Ethnicity",26,"1993-2019","Non-Hispanic","Black","All","All","All","10.1 (95% CI: 9.16 to 11)",2,"15.7 (95% CI: 14.8 to 16.6)",4,5.6,0.195,3,"1.55 (95% CI: 0.569 to 2.57)",2,"0.42 (95% CI: -0.623 to 1.42)",400,-1.13,-0.0765,3,"18.1 (95% CI: 6.66 to 30.4)",2,"2.76 (95% CI: -4.04 to 9.37)",4,-15.4,-0.925,3
"36",2,"Race, Poverty Status",26,"1993-2019","All","White","All","All","Not In Poverty","7.57 (95% CI: 7.26 to 7.87)",1,"13 (95% CI: 12.7 to 13.3)",1,5.43,0.225,3,"0 (95% CI: 0 to 0)",1,"0 (95% CI: 0 to 0)",100,0,0,3,"0 (95% CI: 0 to 0)",1,"0 (95% CI: 0 to 0)",1,0,0,4
"37",2,"Race, Poverty Status",26,"1993-2019","All","Black","All","All","Not In Poverty","8.35 (95% CI: 7.29 to 9.4)",2,"13.7 (95% CI: 12.6 to 14.7)",2,5.3,0.198,1,"0.783 (95% CI: -0.31 to 1.9)",2,"0.658 (95% CI: -0.413 to 1.72)",200,-0.125,-0.0267,1,"10.4 (95% CI: -4.05 to 25.2)",2,"5.08 (95% CI: -3.14 to 13.5)",2,-5.32,-0.449,3
"38",2,"Race, Poverty Status",26,"1993-2019","All","Black","All","All","In Poverty","14.5 (95% CI: 12.2 to 16.5)",3,"21.2 (95% CI: 19 to 23.2)",3,6.74,0.22,2,"6.9 (95% CI: 4.62 to 8.92)",3,"8.22 (95% CI: 5.94 to 10.2)",300,1.32,-0.00532,2,"91.3 (95% CI: 60.9 to 120)",3,"63.3 (95% CI: 46 to 79.5)",3,-28,-1.84,1
"39",2,"Race, Poverty Status",26,"1993-2019","All","White","All","All","In Poverty","16 (95% CI: 14.4 to 17.8)",4,"26.1 (95% CI: 25 to 27.3)",4,10.1,0.376,4,"8.46 (95% CI: 6.8 to 10.3)",4,"13.1 (95% CI: 12 to 14.3)",400,4.69,0.151,4,"112 (95% CI: 88.9 to 138)",4,"101 (95% CI: 91.4 to 111)",4,-10.7,-0.899,2
"40",2,"Race, Sex",26,"1993-2019","All","White","Male","All","All","6.97 (95% CI: 6.46 to 7.46)",1,"12.3 (95% CI: 11.9 to 12.7)",1,5.33,0.215,3,"0 (95% CI: 0 to 0)",1,"0 (95% CI: 0 to 0)",100,0,0,3,"0 (95% CI: 0 to 0)",1,"0 (95% CI: 0 to 0)",1,0,0,4
"41",2,"Race, Sex",26,"1993-2019","All","Black","Male","All","All","8.3 (95% CI: 7.04 to 9.75)",2,"13.9 (95% CI: 12.6 to 15.3)",2,5.63,0.187,1,"1.33 (95% CI: -0.0337 to 2.88)",2,"1.63 (95% CI: 0.224 to 3.04)",200,0.299,-0.0276,1,"19.3 (95% CI: -0.489 to 43.3)",2,"13.3 (95% CI: 1.78 to 25.1)",2,-5.99,-0.712,2
"42",2,"Race, Sex",26,"1993-2019","All","Black","Female","All","All","11.8 (95% CI: 10.6 to 13)",4,"17.1 (95% CI: 16 to 18.3)",3,5.33,0.191,2,"4.8 (95% CI: 3.47 to 6.15)",4,"4.79 (95% CI: 3.54 to 6.05)",300,-0.00261,-0.0239,2,"69.1 (95% CI: 48.2 to 92)",4,"39 (95% CI: 28 to 49.7)",3,-30,-1.5,1
"43",2,"Race, Sex",26,"1993-2019","All","White","Female","All","All","10.4 (95% CI: 9.94 to 10.9)",3,"17.6 (95% CI: 17.1 to 18.1)",4,7.24,0.294,4,"3.42 (95% CI: 2.68 to 4.19)",3,"5.32 (95% CI: 4.66 to 5.99)",400,1.91,0.079,4,"49.2 (95% CI: 36.2 to 64.2)",3,"43.3 (95% CI: 37.3 to 49.4)",4,-5.94,-0.214,3
"44",2,"Sex, Education",26,"1993-2019","All","All","Male",">=HS","All","6.4 (95% CI: 6.01 to 6.79)",1,"11.8 (95% CI: 11.4 to 12.2)",1,5.42,0.217,2,"0 (95% CI: 0 to 0)",1,"0 (95% CI: 0 to 0)",100,0,0,2,"0 (95% CI: 0 to 0)",1,"0 (95% CI: 0 to 0)",1,0,0,4
"45",2,"Sex, Education",26,"1993-2019","All","All","Female",">=HS","All","9.89 (95% CI: 9.41 to 10.4)",2,"16.8 (95% CI: 16.4 to 17.2)",2,6.88,0.278,3,"3.49 (95% CI: 2.86 to 4.16)",2,"4.95 (95% CI: 4.36 to 5.48)",200,1.47,0.0615,3,"54.7 (95% CI: 42.7 to 67.7)",2,"42 (95% CI: 36 to 47.7)",2,-12.7,-0.472,3
"46",2,"Sex, Education",26,"1993-2019","All","All","Male","<HS","All","12.7 (95% CI: 10.5 to 15.5)",3,"18.4 (95% CI: 16.7 to 20.2)",3,5.64,0.186,1,"6.35 (95% CI: 4.18 to 9.2)",3,"6.57 (95% CI: 4.9 to 8.51)",300,0.225,-0.0311,1,"99.4 (95% CI: 63.4 to 150)",3,"55.7 (95% CI: 41.8 to 72.4)",3,-43.7,-2.25,1
"47",2,"Sex, Education",26,"1993-2019","All","All","Female","<HS","All","15.7 (95% CI: 14.4 to 17.2)",4,"25.3 (95% CI: 23.4 to 27.3)",4,9.54,0.36,4,"9.34 (95% CI: 7.93 to 10.8)",4,"13.5 (95% CI: 11.4 to 15.6)",400,4.12,0.143,4,"146 (95% CI: 120 to 175)",4,"114 (95% CI: 96 to 132)",4,-32.2,-1.56,2
"48",2,"Sex, Poverty Status",26,"1993-2019","All","All","Male","All","Not In Poverty","6.08 (95% CI: 5.69 to 6.5)",1,"11.1 (95% CI: 10.7 to 11.5)",1,5.02,0.204,1,"0 (95% CI: 0 to 0)",1,"0 (95% CI: 0 to 0)",100,0,0,1,"0 (95% CI: 0 to 0)",1,"0 (95% CI: 0 to 0)",1,0,0,4
"49",2,"Sex, Poverty Status",26,"1993-2019","All","All","Female","All","Not In Poverty","9.28 (95% CI: 8.84 to 9.71)",2,"15.2 (95% CI: 14.7 to 15.7)",2,5.93,0.245,2,"3.2 (95% CI: 2.59 to 3.79)",2,"4.11 (95% CI: 3.44 to 4.73)",200,0.911,0.0407,2,"52.8 (95% CI: 41.1 to 66.4)",2,"37.1 (95% CI: 30.3 to 43.5)",2,-15.7,-0.594,3
"50",2,"Sex, Poverty Status",26,"1993-2019","All","All","Male","All","In Poverty","14.5 (95% CI: 12 to 17.6)",3,"22.1 (95% CI: 20.7 to 23.4)",3,7.63,0.265,3,"8.4 (95% CI: 6 to 11.6)",3,"11 (95% CI: 9.6 to 12.4)",300,2.61,0.0603,3,"138 (95% CI: 97.1 to 192)",3,"99.2 (95% CI: 85.2 to 114)",3,-39.2,-2.19,1
"51",2,"Sex, Poverty Status",26,"1993-2019","All","All","Female","All","In Poverty","16.5 (95% CI: 15.1 to 18.1)",4,"26.8 (95% CI: 25.4 to 28)",4,10.2,0.379,4,"10.5 (95% CI: 9.01 to 11.9)",4,"15.7 (95% CI: 14.2 to 17)",400,5.2,0.175,4,"172 (95% CI: 144 to 202)",4,"141 (95% CI: 126 to 156)",4,-31.2,-1.76,2
"52",3,"Ethnicity, Education, Poverty Status",26,"1993-2019","Hispanic","All","All","<HS","Not In Poverty","12.3 (95% CI: 7.04 to 18.3)",5,"9.12 (95% CI: 6.31 to 12.8)",1,-3.21,-0.117,2,"4.98 (95% CI: -0.34 to 10.9)",5,"-3.5 (95% CI: -6.3 to -0.0039)",100,-8.48,-0.332,2,"67.8 (95% CI: -4.63 to 148)",5,"-27.7 (95% CI: -50.1 to -0.0304)",1,-95.5,-3.75,2
"53",3,"Ethnicity, Education, Poverty Status",26,"1993-2019","Non-Hispanic","All","All",">=HS","Not In Poverty","7.35 (95% CI: 7.03 to 7.67)",2,"12.6 (95% CI: 12.3 to 12.9)",2,5.27,0.214,4,"0 (95% CI: 0 to 0)",2,"0 (95% CI: 0 to 0)",200,0,0,4,"0 (95% CI: 0 to 0)",2,"0 (95% CI: 0 to 0)",2,0,0,4
"54",3,"Ethnicity, Education, Poverty Status",26,"1993-2019","Hispanic","All","All",">=HS","Not In Poverty","6.87 (95% CI: 5.4 to 8.61)",1,"12.6 (95% CI: 11.2 to 14.2)",3,5.76,0.286,5,"-0.482 (95% CI: -2.05 to 1.42)",1,"0.011 (95% CI: -1.47 to 1.56)",300,0.493,0.0713,5,"-6.48 (95% CI: -27.5 to 19.2)",1,"0.0996 (95% CI: -11.4 to 12.3)",3,6.58,0.832,7
"55",3,"Ethnicity, Education, Poverty Status",26,"1993-2019","Hispanic","All","All","<HS","In Poverty","20.2 (95% CI: 12 to 32.3)",8,"12.8 (95% CI: 10.3 to 15.3)",4,-7.4,-0.393,1,"12.8 (95% CI: 4.54 to 24.9)",8,"0.158 (95% CI: -2.4 to 2.65)",400,-12.7,-0.608,1,"175 (95% CI: 60.3 to 338)",8,"1.26 (95% CI: -18.8 to 21.1)",4,-173,-8.08,1
"56",3,"Ethnicity, Education, Poverty Status",26,"1993-2019","Hispanic","All","All",">=HS","In Poverty","11.7 (95% CI: 7.57 to 16.8)",4,"17.1 (95% CI: 14.5 to 19.7)",5,5.37,0.209,3,"4.37 (95% CI: 0.267 to 9.41)",4,"4.47 (95% CI: 1.77 to 7.1)",500,0.105,-0.00551,3,"59.5 (95% CI: 3.74 to 128)",4,"35.5 (95% CI: 13.8 to 57)",5,-24,-1.09,3
"57",3,"Ethnicity, Education, Poverty Status",26,"1993-2019","Non-Hispanic","All","All","<HS","Not In Poverty","11.1 (95% CI: 9.87 to 12.6)",3,"23.6 (95% CI: 21.4 to 25.8)",6,12.4,0.474,6,"3.78 (95% CI: 2.44 to 5.22)",3,"11 (95% CI: 8.73 to 13.2)",600,7.17,0.26,6,"51.5 (95% CI: 32.7 to 71)",3,"86.8 (95% CI: 68.7 to 106)",6,35.3,1.08,8
"58",3,"Ethnicity, Education, Poverty Status",26,"1993-2019","Non-Hispanic","All","All",">=HS","In Poverty","14.7 (95% CI: 13.3 to 16.2)",6,"28.3 (95% CI: 27.2 to 29.5)",7,13.6,0.516,7,"7.36 (95% CI: 5.85 to 9.05)",6,"15.7 (95% CI: 14.4 to 16.9)",700,8.34,0.301,7,"100 (95% CI: 78.7 to 124)",6,"124 (95% CI: 113 to 135)",7,24.2,0.55,5
"59",3,"Ethnicity, Education, Poverty Status",26,"1993-2019","Non-Hispanic","All","All","<HS","In Poverty","18.3 (95% CI: 16.3 to 20.6)",7,"34.5 (95% CI: 32 to 37.5)",8,16.2,0.634,8,"11 (95% CI: 8.85 to 13.2)",7,"21.9 (95% CI: 19.4 to 24.8)",800,10.9,0.42,8,"149 (95% CI: 119 to 182)",7,"174 (95% CI: 153 to 197)",8,24.4,0.689,6
"60",3,"Ethnicity, Sex, Education",26,"1993-2019","Hispanic","All","Male","<HS","All","21.4 (95% CI: 10.7 to 35.9)",8,"9.24 (95% CI: 6.91 to 11.9)",1,-12.2,-0.522,1,"15 (95% CI: 4.32 to 29.6)",8,"-2.57 (95% CI: -4.9 to 0.0227)",100,-17.6,-0.735,1,"234 (95% CI: 68.6 to 466)",8,"-21.7 (95% CI: -41.4 to 0.191)",1,-256,-10.6,1
"61",3,"Ethnicity, Sex, Education",26,"1993-2019","Non-Hispanic","All","Male",">=HS","All","6.42 (95% CI: 6.02 to 6.83)",2,"11.8 (95% CI: 11.4 to 12.2)",2,5.39,0.214,3,"0 (95% CI: 0 to 0)",2,"0 (95% CI: 0 to 0)",200,0,0,3,"0 (95% CI: 0 to 0)",2,"0 (95% CI: 0 to 0)",2,0,0,5
"62",3,"Ethnicity, Sex, Education",26,"1993-2019","Hispanic","All","Male",">=HS","All","6.12 (95% CI: 4.19 to 8.3)",1,"11.9 (95% CI: 10.3 to 13.8)",3,5.75,0.267,5,"-0.291 (95% CI: -2.27 to 1.88)",1,"0.0682 (95% CI: -1.65 to 2.06)",300,0.359,0.053,5,"-4.41 (95% CI: -34.5 to 30.1)",1,"0.612 (95% CI: -13.7 to 17.3)",3,5.02,0.703,7
"63",3,"Ethnicity, Sex, Education",26,"1993-2019","Hispanic","All","Female","<HS","All","13.2 (95% CI: 9.03 to 18.5)",6,"13.9 (95% CI: 11 to 17)",4,0.677,-0.0356,2,"6.76 (95% CI: 2.59 to 12)",6,"2.05 (95% CI: -1.13 to 5.17)",400,-4.71,-0.249,2,"106 (95% CI: 38.9 to 188)",6,"17.4 (95% CI: -9.36 to 43.7)",4,-88.2,-4.29,2
"64",3,"Ethnicity, Sex, Education",26,"1993-2019","Hispanic","All","Female",">=HS","All","10.2 (95% CI: 7.71 to 12.7)",4,"15.7 (95% CI: 14 to 17.6)",5,5.54,0.262,4,"3.79 (95% CI: 1.27 to 6.37)",4,"3.94 (95% CI: 2.18 to 5.77)",500,0.148,0.0485,4,"59.3 (95% CI: 19.4 to 101)",4,"33.4 (95% CI: 18.3 to 49.4)",5,-25.9,-0.479,3
"65",3,"Ethnicity, Sex, Education",26,"1993-2019","Non-Hispanic","All","Female",">=HS","All","9.87 (95% CI: 9.39 to 10.3)",3,"16.9 (95% CI: 16.5 to 17.3)",6,7.03,0.281,6,"3.45 (95% CI: 2.78 to 4.13)",3,"5.09 (95% CI: 4.47 to 5.69)",600,1.64,0.0676,6,"54 (95% CI: 41.7 to 67)",3,"43.1 (95% CI: 36.7 to 49.2)",6,-10.8,-0.392,4
"66",3,"Ethnicity, Sex, Education",26,"1993-2019","Non-Hispanic","All","Male","<HS","All","11.1 (95% CI: 9.3 to 13)",5,"23.2 (95% CI: 21.1 to 25.6)",7,12.2,0.449,7,"4.64 (95% CI: 2.89 to 6.51)",5,"11.4 (95% CI: 9.18 to 13.9)",700,6.8,0.236,7,"72.5 (95% CI: 43.9 to 105)",5,"96.9 (95% CI: 77.7 to 118)",7,24.5,0.543,6
"67",3,"Ethnicity, Sex, Education",26,"1993-2019","Non-Hispanic","All","Female","<HS","All","16.2 (95% CI: 14.7 to 17.6)",7,"33.4 (95% CI: 31 to 36.3)",8,17.2,0.679,8,"9.74 (95% CI: 8.25 to 11.2)",7,"21.6 (95% CI: 19.1 to 24.5)",800,11.8,0.466,8,"152 (95% CI: 125 to 182)",7,"183 (95% CI: 161 to 209)",8,30.7,1.18,8
"68",3,"Ethnicity, Sex, Poverty Status",26,"1993-2019","Hispanic","All","Male","All","Not In Poverty","7.04 (95% CI: 4.72 to 9.3)",2,"10.1 (95% CI: 8.44 to 12)",1,3.05,0.163,3,"1.02 (95% CI: -1.35 to 3.4)",2,"-1.12 (95% CI: -2.89 to 0.758)",100,-2.14,-0.0452,3,"17.1 (95% CI: -22.6 to 57.6)",2,"-9.91 (95% CI: -25.2 to 6.7)",1,-27,-0.553,4
"69",3,"Ethnicity, Sex, Poverty Status",26,"1993-2019","Non-Hispanic","All","Male","All","Not In Poverty","6.03 (95% CI: 5.62 to 6.45)",1,"11.2 (95% CI: 10.8 to 11.6)",2,5.19,0.208,4,"0 (95% CI: 0 to 0)",1,"0 (95% CI: 0 to 0)",200,0,0,4,"0 (95% CI: 0 to 0)",1,"0 (95% CI: 0 to 0)",2,0,0,7
"70",3,"Ethnicity, Sex, Poverty Status",25,"1993-2019","Hispanic","All","Male","All","In Poverty","15.6 (95% CI: 7.75 to 26.7)",6,"13.4 (95% CI: 10.9 to 16)",3,-2.26,-0.196,1,"9.59 (95% CI: 1.63 to 20.7)",6,"2.15 (95% CI: -0.372 to 4.69)",300,-7.44,-0.405,1,"160 (95% CI: 26.5 to 342)",6,"19.2 (95% CI: -3.32 to 42.8)",3,-140,-7.19,1
"71",3,"Ethnicity, Sex, Poverty Status",26,"1993-2019","Hispanic","All","Female","All","Not In Poverty","8.18 (95% CI: 6.24 to 10.4)",3,"14.5 (95% CI: 12.5 to 16.5)",4,6.31,0.305,6,"2.16 (95% CI: 0.199 to 4.32)",3,"3.28 (95% CI: 1.29 to 5.38)",400,1.13,0.0965,6,"36 (95% CI: 3.3 to 73.4)",3,"29.3 (95% CI: 11.3 to 47.9)",4,-6.63,0.408,8
"72",3,"Ethnicity, Sex, Poverty Status",26,"1993-2019","Non-Hispanic","All","Female","All","Not In Poverty","9.33 (95% CI: 8.89 to 9.76)",4,"15.3 (95% CI: 14.8 to 15.7)",5,5.95,0.243,5,"3.31 (95% CI: 2.7 to 3.95)",4,"4.07 (95% CI: 3.41 to 4.68)",500,0.76,0.0341,5,"55.1 (95% CI: 43.3 to 69.2)",4,"36.3 (95% CI: 29.4 to 42.9)",5,-18.7,-0.707,3
"73",3,"Ethnicity, Sex, Poverty Status",26,"1993-2019","Hispanic","All","Female","All","In Poverty","15.8 (95% CI: 11.1 to 21.1)",7,"16.1 (95% CI: 13.9 to 18.7)",6,0.276,-0.0517,2,"9.8 (95% CI: 5.1 to 15.2)",7,"4.89 (95% CI: 2.55 to 7.28)",600,-4.91,-0.26,2,"163 (95% CI: 83.7 to 253)",7,"43.6 (95% CI: 22.6 to 66.2)",6,-119,-5.62,2
"74",3,"Ethnicity, Sex, Poverty Status",26,"1993-2019","Non-Hispanic","All","Male","All","In Poverty","14.2 (95% CI: 12.2 to 16.2)",5,"26.1 (95% CI: 24.3 to 27.8)",7,12,0.447,7,"8.13 (95% CI: 6.12 to 10.2)",5,"14.9 (95% CI: 13 to 16.8)",700,6.78,0.238,7,"135 (95% CI: 99.4 to 172)",5,"133 (95% CI: 115 to 150)",7,-2.2,-0.544,5
"75",3,"Ethnicity, Sex, Poverty Status",26,"1993-2019","Non-Hispanic","All","Female","All","In Poverty","16.6 (95% CI: 15.2 to 18.1)",8,"31.7 (95% CI: 30.5 to 33.1)",8,15.1,0.584,8,"10.6 (95% CI: 9.05 to 12.2)",8,"20.5 (95% CI: 19.1 to 22)",800,9.92,0.375,8,"176 (95% CI: 145 to 209)",8,"183 (95% CI: 167 to 200)",8,6.77,-0.0418,6
"76",3,"Race, Education, Poverty Status",26,"1993-2019","All","White","All",">=HS","Not In Poverty","7.29 (95% CI: 6.98 to 7.61)",1,"12.5 (95% CI: 12.2 to 12.8)",1,5.21,0.217,5,"0 (95% CI: 0 to 0)",1,"0 (95% CI: 0 to 0)",100,0,0,5,"0 (95% CI: 0 to 0)",1,"0 (95% CI: 0 to 0)",1,0,0,6
"77",3,"Race, Education, Poverty Status",26,"1993-2019","All","Black","All",">=HS","Not In Poverty","7.71 (95% CI: 6.71 to 8.73)",2,"13.3 (95% CI: 12.4 to 14.3)",2,5.62,0.213,4,"0.419 (95% CI: -0.676 to 1.47)",2,"0.829 (95% CI: -0.201 to 1.85)",200,0.41,-0.00397,4,"5.81 (95% CI: -9.26 to 20.3)",2,"6.65 (95% CI: -1.58 to 15)",2,0.841,-0.202,5
"78",3,"Race, Education, Poverty Status",26,"1993-2019","All","Black","All","<HS","Not In Poverty","13.4 (95% CI: 9.66 to 17.5)",5,"18.2 (95% CI: 13.2 to 23.7)",3,4.82,0.159,2,"6.11 (95% CI: 2.46 to 10.2)",5,"5.72 (95% CI: 0.623 to 11)",300,-0.393,-0.0585,2,"83.8 (95% CI: 33.2 to 142)",5,"45.7 (95% CI: 4.87 to 87.6)",3,-38.1,-2.05,3
"79",3,"Race, Education, Poverty Status",26,"1993-2019","All","White","All","<HS","Not In Poverty","10.9 (95% CI: 9.62 to 12.4)",3,"20.4 (95% CI: 18.3 to 22.6)",4,9.44,0.366,7,"3.63 (95% CI: 2.38 to 5.09)",3,"7.86 (95% CI: 5.69 to 10)",400,4.23,0.149,7,"49.9 (95% CI: 32.3 to 71.6)",3,"62.9 (95% CI: 45.3 to 79.6)",4,13,0.229,7
"80",3,"Race, Education, Poverty Status",26,"1993-2019","All","Black","All",">=HS","In Poverty","13.4 (95% CI: 10.9 to 15.8)",4,"20.7 (95% CI: 18.5 to 23)",5,7.35,0.243,6,"6.09 (95% CI: 3.56 to 8.64)",4,"8.23 (95% CI: 5.97 to 10.5)",500,2.14,0.0257,6,"83.6 (95% CI: 48.6 to 120)",4,"65.8 (95% CI: 47.2 to 84)",5,-17.8,-1.49,4
"81",3,"Race, Education, Poverty Status",26,"1993-2019","All","Black","All","<HS","In Poverty","16.8 (95% CI: 13 to 20.9)",7,"22.8 (95% CI: 18.2 to 27)",6,5.99,0.189,3,"9.5 (95% CI: 5.87 to 13.6)",7,"10.3 (95% CI: 5.65 to 14.4)",600,0.775,-0.0281,3,"130 (95% CI: 79.3 to 187)",7,"82.2 (95% CI: 45.1 to 115)",6,-48.1,-2.73,2
"82",3,"Race, Education, Poverty Status",26,"1993-2019","All","White","All","<HS","In Poverty","19.4 (95% CI: 15.7 to 24.2)",8,"23.2 (95% CI: 21 to 25.3)",7,3.78,0.0858,1,"12.1 (95% CI: 8.46 to 16.8)",8,"10.7 (95% CI: 8.49 to 12.8)",700,-1.43,-0.131,1,"166 (95% CI: 115 to 231)",8,"85.4 (95% CI: 67.7 to 103)",7,-80.8,-4.17,1
"83",3,"Race, Education, Poverty Status",26,"1993-2019","All","White","All",">=HS","In Poverty","14.6 (95% CI: 12.8 to 16.3)",6,"27.4 (95% CI: 26 to 28.8)",8,12.8,0.503,8,"7.32 (95% CI: 5.51 to 9.08)",6,"14.9 (95% CI: 13.5 to 16.4)",800,7.61,0.286,8,"100 (95% CI: 76 to 126)",6,"119 (95% CI: 107 to 131)",8,19,0.441,8
"84",3,"Race, Ethnicity, Education",26,"1993-2019","Hispanic","White","All","<HS","All","17.4 (95% CI: 10.7 to 26.3)",6,"11.4 (95% CI: 9.29 to 13.5)",1,-6.01,-0.299,2,"9.4 (95% CI: 2.78 to 18.2)",6,"-2.85 (95% CI: -5.07 to -0.751)",100,-12.2,-0.551,2,"117 (95% CI: 36.2 to 226)",6,"-19.9 (95% CI: -35.2 to -5.24)",1,-137,-6.1,2
"85",3,"Race, Ethnicity, Education",15,"1993-2019","Hispanic","Black","All","<HS","All","19.7 (95% CI: 9.28 to 33.5)",7,"13.3 (95% CI: 7.45 to 19.5)",2,-6.41,-0.481,1,"11.6 (95% CI: 1.18 to 25.6)",7,"-1.03 (95% CI: -6.78 to 5.15)",200,-12.6,-0.829,1,"144 (95% CI: 15 to 320)",7,"-7.18 (95% CI: -47 to 36)",2,-151,-8.65,1
"86",3,"Race, Ethnicity, Education",26,"1993-2019","Hispanic","White","All",">=HS","All","7.93 (95% CI: 6.37 to 9.85)",1,"13.8 (95% CI: 12.5 to 15.1)",3,5.83,0.279,7,"-0.12 (95% CI: -1.68 to 1.86)",1,"-0.517 (95% CI: -1.9 to 0.85)",300,-0.397,0.0276,7,"-1.42 (95% CI: -21.2 to 23.1)",1,"-3.61 (95% CI: -13.2 to 6.06)",3,-2.18,0.358,7
"87",3,"Race, Ethnicity, Education",26,"1993-2019","Non-Hispanic","White","All",">=HS","All","8.05 (95% CI: 7.7 to 8.4)",2,"14.3 (95% CI: 14 to 14.6)",4,6.23,0.252,6,"0 (95% CI: 0 to 0)",2,"0 (95% CI: 0 to 0)",400,0,0,6,"0 (95% CI: 0 to 0)",2,"0 (95% CI: 0 to 0)",4,0,0,6
"88",3,"Race, Ethnicity, Education",26,"1993-2019","Non-Hispanic","Black","All",">=HS","All","9.08 (95% CI: 8.08 to 10.1)",3,"15 (95% CI: 14.1 to 16)",5,5.9,0.212,4,"1.03 (95% CI: -0.0324 to 2.05)",3,"0.7 (95% CI: -0.341 to 1.7)",500,-0.331,-0.0403,4,"12.9 (95% CI: -0.397 to 26)",3,"4.92 (95% CI: -2.4 to 12)",5,-7.95,-0.602,5
"89",3,"Race, Ethnicity, Education",24,"1994-2019","Hispanic","Black","All",">=HS","All",NA,NA,"15.5 (95% CI: 11.3 to 20.7)",6,NA,-0.173,3,NA,NA,"1.19 (95% CI: -3.02 to 6.42)",600,NA,-0.448,3,NA,NA,"8.32 (95% CI: -21.4 to 45)",6,NA,-5.34,3
"90",3,"Race, Ethnicity, Education",26,"1993-2019","Non-Hispanic","Black","All","<HS","All","15 (95% CI: 12.4 to 17.9)",5,"22.2 (95% CI: 18.3 to 25.5)",7,7.16,0.225,5,"6.94 (95% CI: 4.27 to 9.97)",5,"7.87 (95% CI: 3.95 to 11.2)",700,0.933,-0.027,5,"86.3 (95% CI: 54.6 to 122)",5,"55.1 (95% CI: 27.6 to 79.1)",7,-31.1,-1.93,4
"91",3,"Race, Ethnicity, Education",26,"1993-2019","Non-Hispanic","White","All","<HS","All","13.4 (95% CI: 12 to 14.6)",4,"29.2 (95% CI: 27.3 to 31.1)",8,15.8,0.616,8,"5.33 (95% CI: 3.96 to 6.7)",4,"14.9 (95% CI: 13 to 16.9)",800,9.58,0.365,8,"66.3 (95% CI: 48.8 to 83.5)",4,"104 (95% CI: 90.8 to 119)",8,38.1,1.31,8
"92",3,"Race, Ethnicity, Poverty Status",26,"1993-2019","Hispanic","White","All","All","Not In Poverty","7.27 (95% CI: 5.8 to 8.92)",1,"12 (95% CI: 10.7 to 13.4)",1,4.71,0.238,7,"-0.31 (95% CI: -1.96 to 1.4)",1,"-1.13 (95% CI: -2.42 to 0.183)",100,-0.821,0.0118,7,"-4.02 (95% CI: -25.3 to 18.3)",1,"-8.61 (95% CI: -18.4 to 1.4)",1,-4.59,0.289,7
"93",3,"Race, Ethnicity, Poverty Status",26,"1993-2019","Non-Hispanic","White","All","All","Not In Poverty","7.58 (95% CI: 7.26 to 7.93)",2,"13.1 (95% CI: 12.8 to 13.4)",2,5.53,0.226,5,"0 (95% CI: 0 to 0)",2,"0 (95% CI: 0 to 0)",200,0,0,5,"0 (95% CI: 0 to 0)",2,"0 (95% CI: 0 to 0)",2,0,0,6
"94",3,"Race, Ethnicity, Poverty Status",23,"1993-2019","Hispanic","Black","All","All","Not In Poverty","11.4 (95% CI: 5.32 to 19.3)",4,"13.4 (95% CI: 9.19 to 19)",3,1.99,-0.113,1,"3.83 (95% CI: -2.29 to 11.5)",4,"0.294 (95% CI: -4.03 to 6.04)",300,-3.54,-0.37,1,"50.5 (95% CI: -30.1 to 156)",4,"2.26 (95% CI: -30.3 to 45.6)",3,-48.3,-4.5,2
"95",3,"Race, Ethnicity, Poverty Status",26,"1993-2019","Non-Hispanic","Black","All","All","Not In Poverty","8.21 (95% CI: 7.14 to 9.28)",3,"13.7 (95% CI: 12.7 to 14.7)",4,5.45,0.204,4,"0.63 (95% CI: -0.513 to 1.75)",3,"0.556 (95% CI: -0.5 to 1.57)",400,-0.0743,-0.0218,4,"8.37 (95% CI: -6.86 to 23.5)",3,"4.26 (95% CI: -3.83 to 12.1)",4,-4.11,-0.371,5
"96",3,"Race, Ethnicity, Poverty Status",26,"1993-2019","Hispanic","White","All","All","In Poverty","16 (95% CI: 10.7 to 23.4)",6,"14.8 (95% CI: 13.1 to 16.9)",5,-1.12,-0.1,2,"8.38 (95% CI: 3.18 to 15.8)",6,"1.74 (95% CI: 0.00242 to 3.78)",500,-6.65,-0.326,2,"111 (95% CI: 42.4 to 206)",6,"13.3 (95% CI: 0.0181 to 28.8)",5,-97.4,-4.56,1
"97",3,"Race, Ethnicity, Poverty Status",19,"1994-2019","Hispanic","Black","All","All","In Poverty",NA,NA,"17.7 (95% CI: 12.3 to 23.8)",6,NA,0.157,3,NA,NA,"4.57 (95% CI: -0.846 to 10.8)",600,NA,-0.115,3,NA,NA,"34.9 (95% CI: -6.58 to 83.1)",6,NA,-2.7,3
"98",3,"Race, Ethnicity, Poverty Status",26,"1993-2019","Non-Hispanic","Black","All","All","In Poverty","14.5 (95% CI: 12.2 to 16.7)",5,"21.6 (95% CI: 19.3 to 23.8)",7,7.03,0.23,6,"6.96 (95% CI: 4.69 to 9.09)",5,"8.46 (95% CI: 6.13 to 10.7)",700,1.5,0.00431,6,"91.9 (95% CI: 60.6 to 123)",5,"64.5 (95% CI: 46.9 to 81)",7,-27.4,-1.76,4
"99",3,"Race, Ethnicity, Poverty Status",26,"1993-2019","Non-Hispanic","White","All","All","In Poverty","16 (95% CI: 14.6 to 17.4)",7,"33.4 (95% CI: 32 to 34.7)",8,17.3,0.679,8,"8.45 (95% CI: 6.85 to 9.98)",7,"20.3 (95% CI: 18.9 to 21.7)",800,11.8,0.453,8,"112 (95% CI: 88.5 to 133)",7,"155 (95% CI: 143 to 167)",8,43,1.43,8
"100",3,"Race, Ethnicity, Sex",26,"1993-2019","Hispanic","White","Male","All","All","10.1 (95% CI: 6.4 to 14.5)",3,"10.9 (95% CI: 9.52 to 12.3)",1,0.75,0.0537,2,"3.37 (95% CI: -0.345 to 7.97)",3,"-1.69 (95% CI: -3.19 to -0.164)",100,-5.06,-0.178,2,"50.3 (95% CI: -5.21 to 119)",3,"-13.4 (95% CI: -24.9 to -1.32)",1,-63.7,-2.26,2
"101",3,"Race, Ethnicity, Sex",26,"1993-2019","Non-Hispanic","White","Male","All","All","6.73 (95% CI: 6.31 to 7.14)",1,"12.5 (95% CI: 12.1 to 12.9)",2,5.81,0.232,6,"0 (95% CI: 0 to 0)",1,"0 (95% CI: 0 to 0)",200,0,0,6,"0 (95% CI: 0 to 0)",1,"0 (95% CI: 0 to 0)",2,0,0,7
"102",3,"Race, Ethnicity, Sex",17,"1994-2019","Hispanic","Black","Male","All","All",NA,NA,"13.9 (95% CI: 9.25 to 20)",3,NA,-0.289,1,NA,NA,"1.39 (95% CI: -3.5 to 7.54)",300,NA,-0.574,1,NA,NA,"11.1 (95% CI: -27.3 to 60.9)",3,NA,-7.3,1
"103",3,"Race, Ethnicity, Sex",26,"1993-2019","Non-Hispanic","Black","Male","All","All","8.22 (95% CI: 6.93 to 9.68)",2,"13.9 (95% CI: 12.6 to 15.3)",4,5.71,0.197,5,"1.5 (95% CI: 0.149 to 3.02)",2,"1.39 (95% CI: -0.0824 to 2.86)",400,-0.102,-0.0355,5,"22.4 (95% CI: 2.19 to 46.5)",2,"11.1 (95% CI: -0.652 to 23.1)",4,-11.2,-0.829,5
"104",3,"Race, Ethnicity, Sex",26,"1993-2019","Hispanic","White","Female","All","All","10.7 (95% CI: 8.49 to 13)",5,"15.2 (95% CI: 13.5 to 16.8)",5,4.52,0.184,3,"3.93 (95% CI: 1.71 to 6.31)",5,"2.64 (95% CI: 0.879 to 4.31)",500,-1.29,-0.0485,3,"58.5 (95% CI: 25.5 to 93.5)",5,"21.1 (95% CI: 6.91 to 34.5)",5,-37.4,-1.46,4
"105",3,"Race, Ethnicity, Sex",25,"1993-2019","Hispanic","Black","Female","All","All","14.1 (95% CI: 6.87 to 24)",7,"16.1 (95% CI: 12 to 21)",6,2.06,0.421,8,"7.33 (95% CI: 0.0959 to 16.8)",7,"3.58 (95% CI: -0.444 to 8.46)",600,-3.75,0.181,8,"109 (95% CI: 1.41 to 256)",7,"28.6 (95% CI: -3.6 to 68.4)",6,-80.6,0.785,8
"106",3,"Race, Ethnicity, Sex",26,"1993-2019","Non-Hispanic","Black","Female","All","All","11.7 (95% CI: 10.4 to 12.8)",6,"17.2 (95% CI: 16 to 18.4)",7,5.5,0.193,4,"4.92 (95% CI: 3.55 to 6.09)",6,"4.62 (95% CI: 3.33 to 5.91)",700,-0.308,-0.039,4,"73.4 (95% CI: 52.2 to 95.8)",6,"36.9 (95% CI: 26.3 to 47.5)",7,-36.5,-1.78,3
"107",3,"Race, Ethnicity, Sex",26,"1993-2019","Non-Hispanic","White","Female","All","All","10.4 (95% CI: 9.92 to 10.9)",4,"18.1 (95% CI: 17.6 to 18.6)",8,7.7,0.313,7,"3.64 (95% CI: 3 to 4.31)",4,"5.53 (95% CI: 4.86 to 6.21)",800,1.89,0.0808,7,"54.3 (95% CI: 42.3 to 67.3)",4,"44.2 (95% CI: 37.4 to 50.7)",8,-10.1,-0.341,6
"108",3,"Race, Sex, Education",26,"1993-2019","All","White","Male",">=HS","All","6.33 (95% CI: 5.92 to 6.73)",1,"11.7 (95% CI: 11.2 to 12)",1,5.32,0.218,4,"0 (95% CI: 0 to 0)",1,"0 (95% CI: 0 to 0)",100,0,0,4,"0 (95% CI: 0 to 0)",1,"0 (95% CI: 0 to 0)",1,0,0,8
"109",3,"Race, Sex, Education",26,"1993-2019","All","Black","Male",">=HS","All","7.11 (95% CI: 5.76 to 8.6)",2,"12.8 (95% CI: 11.4 to 14.2)",2,5.7,0.188,3,"0.784 (95% CI: -0.554 to 2.47)",2,"1.16 (95% CI: -0.374 to 2.55)",200,0.379,-0.0299,3,"12.5 (95% CI: -8.65 to 40.1)",2,"10 (95% CI: -3.2 to 21.8)",2,-2.52,-0.684,6
"110",3,"Race, Sex, Education",26,"1993-2019","All","White","Female",">=HS","All","9.77 (95% CI: 9.28 to 10.3)",3,"16.8 (95% CI: 16.3 to 17.3)",3,6.99,0.285,7,"3.45 (95% CI: 2.76 to 4.18)",3,"5.11 (95% CI: 4.48 to 5.7)",300,1.66,0.0672,7,"54.7 (95% CI: 41.6 to 69)",3,"43.9 (95% CI: 37.8 to 50.2)",3,-10.8,-0.451,7
"111",3,"Race, Sex, Education",26,"1993-2019","All","Black","Female",">=HS","All","10.8 (95% CI: 9.49 to 12.2)",4,"16.8 (95% CI: 15.6 to 18.1)",4,5.97,0.225,5,"4.51 (95% CI: 3.18 to 5.85)",4,"5.16 (95% CI: 3.81 to 6.43)",400,0.65,0.00744,5,"71.5 (95% CI: 48.7 to 95.8)",4,"44.3 (95% CI: 32.3 to 55.6)",4,-27.1,-1.36,4
"112",3,"Race, Sex, Education",26,"1993-2019","All","White","Male","<HS","All","12.5 (95% CI: 9.78 to 15.7)",5,"17.7 (95% CI: 16.2 to 19.6)",5,5.27,0.167,2,"6.14 (95% CI: 3.62 to 9.42)",5,"6.09 (95% CI: 4.48 to 7.93)",500,-0.0525,-0.0504,2,"97.3 (95% CI: 57.8 to 155)",5,"52.3 (95% CI: 38.1 to 70.7)",5,-45,-2.46,2
"113",3,"Race, Sex, Education",26,"1993-2019","All","Black","Female","<HS","All","16 (95% CI: 12.8 to 19)",8,"19.8 (95% CI: 16.1 to 24.2)",6,3.87,0.0668,1,"9.62 (95% CI: 6.4 to 12.7)",8,"8.17 (95% CI: 4.41 to 12.3)",600,-1.45,-0.151,1,"152 (95% CI: 101 to 201)",8,"70.2 (95% CI: 37.8 to 106)",6,-82.2,-4.55,1
"114",3,"Race, Sex, Education",26,"1993-2019","All","Black","Male","<HS","All","14.4 (95% CI: 10.2 to 18.8)",6,"21.6 (95% CI: 16.9 to 26.3)",7,7.27,0.284,6,"8.03 (95% CI: 3.81 to 12.5)",6,"9.98 (95% CI: 5.43 to 14.7)",700,1.94,0.0658,6,"127 (95% CI: 59.4 to 200)",6,"85.7 (95% CI: 46.7 to 128)",7,-41.5,-1.88,3
"115",3,"Race, Sex, Education",26,"1993-2019","All","White","Female","<HS","All","15.7 (95% CI: 14.1 to 17.3)",7,"26.4 (95% CI: 24 to 28.6)",8,10.7,0.419,8,"9.36 (95% CI: 7.7 to 10.9)",7,"14.7 (95% CI: 12.2 to 17)",800,5.38,0.201,8,"148 (95% CI: 119 to 178)",7,"127 (95% CI: 102 to 147)",8,-21.6,-1.14,5
"116",3,"Race, Sex, Poverty Status",26,"1993-2019","All","White","Male","All","Not In Poverty","6.06 (95% CI: 5.63 to 6.5)",1,"10.9 (95% CI: 10.5 to 11.3)",1,4.86,0.201,3,"0 (95% CI: 0 to 0)",1,"0 (95% CI: 0 to 0)",100,0,0,3,"0 (95% CI: 0 to 0)",1,"0 (95% CI: 0 to 0)",1,0,0,8
"117",3,"Race, Sex, Poverty Status",26,"1993-2019","All","Black","Male","All","Not In Poverty","6.3 (95% CI: 5.03 to 7.78)",2,"12.3 (95% CI: 10.8 to 13.8)",2,6.02,0.217,4,"0.243 (95% CI: -1.21 to 1.74)",2,"1.4 (95% CI: -0.231 to 2.95)",200,1.16,0.0162,4,"4.15 (95% CI: -19.3 to 30)",2,"12.9 (95% CI: -2.05 to 27.7)",2,8.73,-0.0497,7
"118",3,"Race, Sex, Poverty Status",26,"1993-2019","All","Black","Female","All","Not In Poverty","10.4 (95% CI: 8.97 to 11.8)",4,"14.9 (95% CI: 13.6 to 16.3)",3,4.54,0.176,2,"4.34 (95% CI: 2.9 to 5.78)",4,"4.02 (95% CI: 2.5 to 5.4)",300,-0.316,-0.0247,2,"71.8 (95% CI: 44.8 to 98.9)",4,"36.9 (95% CI: 22.6 to 50.4)",3,-34.9,-1.6,5
"119",3,"Race, Sex, Poverty Status",26,"1993-2019","All","White","Female","All","Not In Poverty","9.17 (95% CI: 8.7 to 9.63)",3,"15.3 (95% CI: 14.7 to 15.7)",4,6.08,0.253,5,"3.11 (95% CI: 2.46 to 3.74)",3,"4.34 (95% CI: 3.6 to 5.01)",400,1.23,0.0519,5,"51.6 (95% CI: 38.9 to 66)",3,"39.8 (95% CI: 32.1 to 46.9)",4,-11.8,-0.471,6
"120",3,"Race, Sex, Poverty Status",26,"1993-2019","All","Black","Male","All","In Poverty","14.9 (95% CI: 10.9 to 18.8)",7,"19.9 (95% CI: 16.5 to 23.4)",5,5.02,0.134,1,"8.8 (95% CI: 4.99 to 12.9)",7,"8.96 (95% CI: 5.69 to 12.4)",500,0.161,-0.0671,1,"146 (95% CI: 81.3 to 214)",7,"82.1 (95% CI: 51.7 to 114)",5,-63.4,-3.62,1
"121",3,"Race, Sex, Poverty Status",26,"1993-2019","All","Black","Female","All","In Poverty","14.3 (95% CI: 12 to 16.5)",5,"22 (95% CI: 19.6 to 24.3)",6,7.76,0.271,6,"8.19 (95% CI: 5.85 to 10.4)",5,"11.1 (95% CI: 8.65 to 13.3)",600,2.9,0.0703,6,"136 (95% CI: 93.7 to 177)",5,"102 (95% CI: 78.3 to 122)",6,-33.8,-2.09,2
"122",3,"Race, Sex, Poverty Status",26,"1993-2019","All","White","Male","All","In Poverty","14.4 (95% CI: 11.4 to 17.8)",6,"22.8 (95% CI: 21.2 to 24.2)",7,8.4,0.304,7,"8.33 (95% CI: 5.42 to 12)",6,"11.9 (95% CI: 10.2 to 13.5)",700,3.54,0.103,7,"138 (95% CI: 88.5 to 202)",6,"109 (95% CI: 93.5 to 127)",7,-29,-1.76,3
"123",3,"Race, Sex, Poverty Status",26,"1993-2019","All","White","Female","All","In Poverty","17.2 (95% CI: 15.4 to 19)",8,"28.3 (95% CI: 26.8 to 29.7)",8,11.1,0.416,8,"11.2 (95% CI: 9.39 to 12.9)",8,"17.4 (95% CI: 15.8 to 18.9)",800,6.24,0.216,8,"185 (95% CI: 150 to 221)",8,"160 (95% CI: 142 to 177)",8,-25.1,-1.6,4
"124",3,"Sex, Education, Poverty Status",26,"1993-2019","All","All","Male",">=HS","Not In Poverty","5.78 (95% CI: 5.39 to 6.19)",1,"10.6 (95% CI: 10.2 to 11)",1,4.83,0.197,2,"0 (95% CI: 0 to 0)",1,"0 (95% CI: 0 to 0)",100,0,0,2,"0 (95% CI: 0 to 0)",1,"0 (95% CI: 0 to 0)",1,0,0,7
"125",3,"Sex, Education, Poverty Status",26,"1993-2019","All","All","Female",">=HS","Not In Poverty","8.94 (95% CI: 8.45 to 9.41)",2,"14.7 (95% CI: 14.2 to 15.2)",2,5.76,0.239,4,"3.17 (95% CI: 2.58 to 3.8)",2,"4.1 (95% CI: 3.46 to 4.71)",200,0.931,0.0416,4,"55 (95% CI: 42.5 to 69)",2,"38.7 (95% CI: 31.7 to 45.7)",2,-16.3,-0.62,4
"126",3,"Sex, Education, Poverty Status",26,"1993-2019","All","All","Male","<HS","Not In Poverty","9.35 (95% CI: 7.58 to 11.5)",3,"16.9 (95% CI: 14.7 to 19.5)",3,7.6,0.29,5,"3.57 (95% CI: 1.7 to 5.69)",3,"6.34 (95% CI: 4.15 to 8.94)",300,2.77,0.0928,5,"61.9 (95% CI: 29.6 to 99.5)",3,"59.9 (95% CI: 38.3 to 84.4)",3,-2.07,-0.373,5
"127",3,"Sex, Education, Poverty Status",26,"1993-2019","All","All","Male","<HS","In Poverty","19.7 (95% CI: 13.4 to 28.1)",8,"20.7 (95% CI: 18.3 to 23.3)",4,0.98,-0.062,1,"14 (95% CI: 7.62 to 22.5)",8,"10.1 (95% CI: 7.7 to 12.7)",400,-3.85,-0.259,1,"242 (95% CI: 137 to 388)",8,"95.4 (95% CI: 72.4 to 121)",4,-147,-7.39,1
"128",3,"Sex, Education, Poverty Status",26,"1993-2019","All","All","Male",">=HS","In Poverty","12.3 (95% CI: 10.3 to 14.6)",4,"22.8 (95% CI: 21.1 to 24.3)",5,10.5,0.406,6,"6.48 (95% CI: 4.35 to 8.92)",4,"12.1 (95% CI: 10.5 to 13.8)",500,5.67,0.209,6,"112 (95% CI: 74.2 to 158)",4,"115 (95% CI: 97.8 to 131)",5,2.23,-0.23,6
"129",3,"Sex, Education, Poverty Status",26,"1993-2019","All","All","Female","<HS","In Poverty","18.2 (95% CI: 15.8 to 20.6)",7,"24.9 (95% CI: 22.5 to 27.4)",6,6.77,0.238,3,"12.4 (95% CI: 10.1 to 14.9)",7,"14.3 (95% CI: 11.8 to 16.9)",600,1.94,0.0402,3,"215 (95% CI: 170 to 261)",7,"135 (95% CI: 111 to 160)",6,-79.7,-3.81,2
"130",3,"Sex, Education, Poverty Status",26,"1993-2019","All","All","Female","<HS","Not In Poverty","13.6 (95% CI: 11.8 to 15.3)",5,"25.8 (95% CI: 22.4 to 29.4)",7,12.2,0.476,8,"7.8 (95% CI: 6.02 to 9.65)",5,"15.2 (95% CI: 11.7 to 18.8)",700,7.37,0.278,8,"135 (95% CI: 100 to 170)",5,"143 (95% CI: 110 to 178)",7,7.86,0.00646,8
"131",3,"Sex, Education, Poverty Status",26,"1993-2019","All","All","Female",">=HS","In Poverty","15.8 (95% CI: 13.9 to 17.8)",6,"27.4 (95% CI: 26.1 to 28.9)",8,11.6,0.435,7,"10 (95% CI: 8.11 to 12.1)",6,"16.8 (95% CI: 15.5 to 18.3)",800,6.76,0.238,7,"174 (95% CI: 137 to 211)",6,"159 (95% CI: 142 to 176)",8,-15.6,-1.18,3
"132",4,"Ethnicity, Sex, Education, Poverty Status",26,"1993-2019","Hispanic","All","Male","<HS","Not In Poverty","14.8 (95% CI: 6.18 to 24.5)",9,"5.2 (95% CI: 2.96 to 8.24)",1,-9.62,-0.357,1,"9.05 (95% CI: 0.425 to 18.7)",9,"-5.34 (95% CI: -7.63 to -2.28)",100,-14.4,-0.55,1,"157 (95% CI: 7.37 to 322)",9,"-50.7 (95% CI: -71.9 to -21.4)",1,-208,-7.95,1
"133",4,"Ethnicity, Sex, Education, Poverty Status",26,"1993-2019","Non-Hispanic","All","Male",">=HS","Not In Poverty","5.77 (95% CI: 5.38 to 6.21)",1,"10.5 (95% CI: 10.2 to 10.9)",2,4.77,0.193,6,"0 (95% CI: 0 to 0)",1,"0 (95% CI: 0 to 0)",200,0,0,6,"0 (95% CI: 0 to 0)",1,"0 (95% CI: 0 to 0)",2,0,0,11
"134",4,"Ethnicity, Sex, Education, Poverty Status",26,"1993-2019","Hispanic","All","Male",">=HS","Not In Poverty","5.83 (95% CI: 3.75 to 8.46)",2,"11.2 (95% CI: 9.38 to 13.4)",3,5.37,0.259,9,"0.0557 (95% CI: -2.1 to 2.56)",2,"0.655 (95% CI: -1.35 to 2.92)",300,0.599,0.0665,9,"1.19 (95% CI: -36.7 to 43.9)",2,"6.26 (95% CI: -12.7 to 28.2)",3,5.07,0.788,13
"135",4,"Ethnicity, Sex, Education, Poverty Status",22,"1996-2019","Hispanic","All","Male","<HS","In Poverty",NA,NA,"12.4 (95% CI: 8.92 to 16.6)",4,NA,0.138,3,NA,NA,"1.86 (95% CI: -1.65 to 5.8)",400,NA,-0.0645,3,NA,NA,"17.7 (95% CI: -15.6 to 54)",4,NA,-1.49,6
"136",4,"Ethnicity, Sex, Education, Poverty Status",25,"1993-2019","Hispanic","All","Female","<HS","In Poverty","15 (95% CI: 8.56 to 23)",10,"13 (95% CI: 10.1 to 16.5)",5,-1.97,0.141,4,"9.23 (95% CI: 2.92 to 17.1)",10,"2.5 (95% CI: -0.668 to 6.09)",500,-6.73,-0.0545,4,"160 (95% CI: 49.3 to 289)",10,"23.7 (95% CI: -6.18 to 57.6)",5,-136,-1.42,7
"137",4,"Ethnicity, Sex, Education, Poverty Status",26,"1993-2019","Hispanic","All","Female",">=HS","Not In Poverty","8.02 (95% CI: 5.87 to 10.3)",3,"14.2 (95% CI: 12.2 to 16.4)",6,6.2,0.314,10,"2.24 (95% CI: 0.0704 to 4.59)",3,"3.67 (95% CI: 1.65 to 5.87)",600,1.43,0.121,10,"39 (95% CI: 1.28 to 80.7)",3,"34.9 (95% CI: 15.2 to 55.3)",6,-4.17,0.709,12
"138",4,"Ethnicity, Sex, Education, Poverty Status",22,"1994-2019","Hispanic","All","Male",">=HS","In Poverty",NA,NA,"14.4 (95% CI: 11.1 to 18.3)",7,NA,0.175,5,NA,NA,"3.85 (95% CI: 0.427 to 7.88)",700,NA,-0.0341,5,NA,NA,"36.5 (95% CI: 3.99 to 74.5)",7,NA,-1.76,3
"139",4,"Ethnicity, Sex, Education, Poverty Status",26,"1993-2019","Non-Hispanic","All","Female",">=HS","Not In Poverty","8.99 (95% CI: 8.49 to 9.45)",5,"14.7 (95% CI: 14.3 to 15.2)",8,5.76,0.236,8,"3.21 (95% CI: 2.6 to 3.85)",5,"4.21 (95% CI: 3.58 to 4.83)",800,0.991,0.0428,8,"55.9 (95% CI: 44.1 to 70.8)",5,"39.9 (95% CI: 33.1 to 46.9)",8,-15.9,-0.608,8
"140",4,"Ethnicity, Sex, Education, Poverty Status",25,"1993-2019","Hispanic","All","Female","<HS","Not In Poverty","9.41 (95% CI: 4.99 to 15)",6,"16.6 (95% CI: 10.1 to 24.6)",9,7.21,0.201,7,"3.64 (95% CI: -0.77 to 9.07)",6,"6.07 (95% CI: -0.364 to 14)",900,2.44,0.00598,7,"63.2 (95% CI: -13.4 to 160)",6,"57.7 (95% CI: -3.48 to 133)",9,-5.45,-1.71,4
"141",4,"Ethnicity, Sex, Education, Poverty Status",26,"1993-2019","Hispanic","All","Female",">=HS","In Poverty","16.5 (95% CI: 10.1 to 25.1)",12,"18.6 (95% CI: 15.1 to 22.5)",10,2.04,0.0546,2,"10.8 (95% CI: 4.33 to 19.3)",12,"8.03 (95% CI: 4.54 to 11.9)",1000,-2.73,-0.138,2,"187 (95% CI: 75.7 to 335)",12,"76.3 (95% CI: 42.2 to 113)",10,-110,-4.85,2
"142",4,"Ethnicity, Sex, Education, Poverty Status",26,"1993-2019","Non-Hispanic","All","Male","<HS","Not In Poverty","8.86 (95% CI: 6.93 to 10.9)",4,"20.8 (95% CI: 17.9 to 23.7)",11,11.9,0.451,12,"3.09 (95% CI: 1.2 to 5.21)",4,"10.2 (95% CI: 7.43 to 13.3)",1100,7.15,0.258,12,"53.6 (95% CI: 21.2 to 93.1)",4,"97.2 (95% CI: 70 to 127)",11,43.6,1.32,15
"143",4,"Ethnicity, Sex, Education, Poverty Status",26,"1993-2019","Non-Hispanic","All","Male",">=HS","In Poverty","13.1 (95% CI: 11 to 15.7)",7,"25.2 (95% CI: 23.4 to 26.9)",12,12,0.453,13,"7.38 (95% CI: 5.05 to 9.9)",7,"14.6 (95% CI: 12.8 to 16.4)",1200,7.25,0.26,13,"128 (95% CI: 85 to 174)",7,"139 (95% CI: 119 to 158)",12,10.8,-0.0364,9
"144",4,"Ethnicity, Sex, Education, Poverty Status",26,"1993-2019","Non-Hispanic","All","Female","<HS","Not In Poverty","14 (95% CI: 12 to 15.9)",8,"28.6 (95% CI: 24.7 to 32.8)",13,14.6,0.566,15,"8.19 (95% CI: 6.17 to 10.1)",8,"18 (95% CI: 14.1 to 22.5)",1300,9.84,0.373,15,"142 (95% CI: 104 to 180)",8,"171 (95% CI: 132 to 213)",13,28.9,0.821,14
"145",4,"Ethnicity, Sex, Education, Poverty Status",26,"1993-2019","Non-Hispanic","All","Male","<HS","In Poverty","17.2 (95% CI: 13.4 to 21.7)",13,"29.4 (95% CI: 25.3 to 33.1)",14,12.1,0.428,11,"11.4 (95% CI: 7.7 to 16)",13,"18.8 (95% CI: 14.7 to 22.6)",1400,7.38,0.236,11,"198 (95% CI: 129 to 278)",13,"179 (95% CI: 141 to 215)",14,-19.8,-1.7,5
"146",4,"Ethnicity, Sex, Education, Poverty Status",26,"1993-2019","Non-Hispanic","All","Female",">=HS","In Poverty","15.7 (95% CI: 13.9 to 17.8)",11,"30.2 (95% CI: 28.9 to 31.7)",15,14.5,0.546,14,"9.97 (95% CI: 7.89 to 12.1)",11,"19.7 (95% CI: 18.3 to 21.1)",1500,9.69,0.353,14,"173 (95% CI: 137 to 211)",11,"187 (95% CI: 171 to 204)",15,13.6,-0.00418,10
"147",4,"Ethnicity, Sex, Education, Poverty Status",26,"1993-2019","Non-Hispanic","All","Female","<HS","In Poverty","19 (95% CI: 16.7 to 21.5)",14,"38.8 (95% CI: 35.1 to 42.5)",16,19.8,0.807,16,"13.2 (95% CI: 10.9 to 15.8)",14,"28.2 (95% CI: 24.6 to 31.8)",1600,15,0.614,16,"229 (95% CI: 186 to 279)",14,"268 (95% CI: 231 to 307)",16,38.8,1.66,16
"148",4,"Race, Ethnicity, Education, Poverty Status",25,"1993-2019","Hispanic","White","All","<HS","Not In Poverty","10.5 (95% CI: 5.49 to 16.3)",4,"9.32 (95% CI: 6.25 to 13.1)",1,-1.21,-0.0577,3,"3.2 (95% CI: -1.78 to 8.99)",4,"-3.19 (95% CI: -6.2 to 0.692)",100,-6.4,-0.27,3,"43.8 (95% CI: -24.1 to 124)",4,"-25.5 (95% CI: -49.5 to 5.62)",1,-69.3,-2.86,4
"149",4,"Race, Ethnicity, Education, Poverty Status",26,"1993-2019","Hispanic","White","All",">=HS","Not In Poverty","6.8 (95% CI: 5.26 to 8.63)",1,"12.5 (95% CI: 11 to 14.1)",2,5.67,0.287,11,"-0.522 (95% CI: -2.1 to 1.37)",1,"-0.0475 (95% CI: -1.47 to 1.59)",200,0.475,0.074,11,"-7.05 (95% CI: -28.5 to 18.6)",1,"-0.365 (95% CI: -11.5 to 12.8)",2,6.69,0.876,11
"150",4,"Race, Ethnicity, Education, Poverty Status",26,"1993-2019","Hispanic","White","All","<HS","In Poverty","20.7 (95% CI: 12.1 to 33.2)",12,"12.5 (95% CI: 9.77 to 15.1)",3,-8.23,-0.434,1,"13.4 (95% CI: 4.66 to 25.9)",12,"-0.0273 (95% CI: -2.8 to 2.58)",300,-13.4,-0.647,1,"183 (95% CI: 63.2 to 354)",12,"-0.208 (95% CI: -22.1 to 20.5)",3,-183,-8.6,1
"151",4,"Race, Ethnicity, Education, Poverty Status",26,"1993-2019","Non-Hispanic","White","All",">=HS","Not In Poverty","7.32 (95% CI: 6.98 to 7.66)",2,"12.5 (95% CI: 12.2 to 12.8)",4,5.19,0.213,7,"0 (95% CI: 0 to 0)",2,"0 (95% CI: 0 to 0)",400,0,0,7,"0 (95% CI: 0 to 0)",2,"0 (95% CI: 0 to 0)",4,0,0,10
"152",4,"Race, Ethnicity, Education, Poverty Status",26,"1993-2019","Non-Hispanic","Black","All",">=HS","Not In Poverty","7.71 (95% CI: 6.7 to 8.8)",3,"13.3 (95% CI: 12.3 to 14.2)",5,5.56,0.212,6,"0.39 (95% CI: -0.652 to 1.54)",3,"0.76 (95% CI: -0.24 to 1.83)",500,0.37,-0.00163,6,"5.39 (95% CI: -8.88 to 21.4)",3,"6.09 (95% CI: -1.91 to 14.6)",5,0.701,-0.163,9
"153",4,"Race, Ethnicity, Education, Poverty Status",19,"1994-2019","Hispanic","Black","All",">=HS","Not In Poverty",NA,NA,"14.5 (95% CI: 9.54 to 20.9)",6,NA,0.0642,4,NA,NA,"1.98 (95% CI: -3.07 to 8.15)",600,NA,-0.22,4,NA,NA,"15.8 (95% CI: -24.9 to 65.9)",6,NA,-3.7,3
"154",4,"Race, Ethnicity, Education, Poverty Status",26,"1993-2019","Hispanic","White","All",">=HS","In Poverty","11.4 (95% CI: 6.87 to 16.9)",6,"17 (95% CI: 14.5 to 19.8)",7,5.58,0.226,8,"4.1 (95% CI: -0.411 to 9.56)",6,"4.49 (95% CI: 1.93 to 7.34)",700,0.393,0.013,8,"56.1 (95% CI: -5.81 to 128)",6,"35.9 (95% CI: 15.2 to 58.4)",7,-20.1,-0.862,8
"155",4,"Race, Ethnicity, Education, Poverty Status",9,"2009-2019","Hispanic","Black","All","<HS","In Poverty",NA,NA,"17.1 (95% CI: 8.81 to 25.7)",8,NA,1,15,NA,NA,"4.55 (95% CI: -3.5 to 13.3)",800,NA,0.546,14,NA,NA,"36.4 (95% CI: -28.1 to 108)",8,NA,4.02,15
"156",4,"Race, Ethnicity, Education, Poverty Status",12,"2008-2019","Hispanic","Black","All",">=HS","In Poverty",NA,NA,"18.2 (95% CI: 11.1 to 28.7)",9,NA,-0.173,2,NA,NA,"5.68 (95% CI: -1.41 to 16.1)",900,NA,-0.527,2,NA,NA,"45.4 (95% CI: -11.1 to 126)",9,NA,-8,2
"157",4,"Race, Ethnicity, Education, Poverty Status",26,"1993-2019","Non-Hispanic","Black","All","<HS","Not In Poverty","12.3 (95% CI: 8.74 to 16.6)",7,"19.9 (95% CI: 14.2 to 26)",10,7.6,0.257,10,"4.98 (95% CI: 1.4 to 9.26)",7,"7.39 (95% CI: 1.61 to 13.5)",1000,2.41,0.0441,10,"68.1 (95% CI: 19.1 to 126)",7,"59.1 (95% CI: 12.8 to 108)",10,-9.02,-0.983,7
"158",4,"Race, Ethnicity, Education, Poverty Status",26,"1993-2019","Non-Hispanic","Black","All",">=HS","In Poverty","13.3 (95% CI: 10.6 to 15.9)",8,"20.9 (95% CI: 18.7 to 23.3)",11,7.6,0.256,9,"6 (95% CI: 3.45 to 8.51)",8,"8.41 (95% CI: 6.09 to 10.8)",1100,2.41,0.0423,9,"82.1 (95% CI: 47.1 to 118)",8,"67.3 (95% CI: 48.3 to 86.7)",11,-14.9,-1.28,6
"159",4,"Race, Ethnicity, Education, Poverty Status",26,"1993-2019","Non-Hispanic","Black","All","<HS","In Poverty","17.2 (95% CI: 13.4 to 21.5)",10,"24 (95% CI: 19 to 28.9)",12,6.78,0.208,5,"9.87 (95% CI: 5.95 to 14.2)",10,"11.5 (95% CI: 6.37 to 16.3)",1200,1.59,-0.00534,5,"135 (95% CI: 82.1 to 193)",10,"91.6 (95% CI: 51.1 to 131)",12,-43.3,-2.62,5
"160",4,"Race, Ethnicity, Education, Poverty Status",26,"1993-2019","Non-Hispanic","White","All","<HS","Not In Poverty","11 (95% CI: 9.59 to 12.6)",5,"24.3 (95% CI: 21.8 to 26.6)",13,13.3,0.513,12,"3.65 (95% CI: 2.24 to 5.24)",5,"11.8 (95% CI: 9.34 to 14)",1300,8.11,0.299,12,"49.9 (95% CI: 29.9 to 71.4)",5,"94 (95% CI: 74.2 to 114)",13,44.1,1.43,12
"161",4,"Race, Ethnicity, Education, Poverty Status",26,"1993-2019","Non-Hispanic","White","All",">=HS","In Poverty","15.1 (95% CI: 13.3 to 16.8)",9,"31.8 (95% CI: 30.5 to 33.1)",14,16.7,0.644,13,"7.79 (95% CI: 5.91 to 9.62)",9,"19.3 (95% CI: 17.8 to 20.8)",1400,11.5,0.43,13,"107 (95% CI: 80.1 to 134)",9,"154 (95% CI: 141 to 168)",14,47.4,1.49,13
"162",4,"Race, Ethnicity, Education, Poverty Status",26,"1993-2019","Non-Hispanic","White","All","<HS","In Poverty","18.8 (95% CI: 16.3 to 21.5)",11,"40.1 (95% CI: 36.8 to 43.4)",15,21.3,0.858,14,"11.5 (95% CI: 9 to 14.2)",11,"27.5 (95% CI: 24.3 to 30.9)",1500,16.1,0.644,15,"157 (95% CI: 122 to 193)",11,"220 (95% CI: 193 to 249)",15,63.6,2.42,14
"163",4,"Race, Ethnicity, Education, Poverty Status",1,"2011-2011","Hispanic","Black","All","<HS","Not In Poverty",NA,NA,NA,NA,NA,NA,NA,NA,NA,NA,NA,NA,NA,NA,NA,NA,NA,NA,NA,NA,NA
"164",4,"Race, Ethnicity, Sex, Education",26,"1993-2019","Hispanic","White","Male","<HS","All","21.2 (95% CI: 9.88 to 36.3)",12,"8.99 (95% CI: 6.64 to 11.9)",1,-12.2,-0.53,2,"14.9 (95% CI: 3.65 to 30)",12,"-2.67 (95% CI: -5.08 to 0.201)",100,-17.5,-0.744,2,"235 (95% CI: 58.4 to 484)",12,"-22.9 (95% CI: -43 to 1.75)",1,-257,-10.9,2
"165",4,"Race, Ethnicity, Sex, Education",26,"1993-2019","Hispanic","White","Male",">=HS","All","6.14 (95% CI: 4.19 to 8.58)",1,"11.6 (95% CI: 9.94 to 13.5)",2,5.46,0.274,11,"-0.196 (95% CI: -2.3 to 2.34)",1,"-0.0559 (95% CI: -1.68 to 1.92)",200,0.14,0.0594,11,"-2.94 (95% CI: -35.5 to 37.3)",1,"-0.442 (95% CI: -14.4 to 16.5)",2,2.5,0.794,15
"166",4,"Race, Ethnicity, Sex, Education",26,"1993-2019","Non-Hispanic","White","Male",">=HS","All","6.34 (95% CI: 5.92 to 6.79)",2,"11.7 (95% CI: 11.2 to 12)",3,5.32,0.214,8,"0 (95% CI: 0 to 0)",2,"0 (95% CI: 0 to 0)",300,0,0,8,"0 (95% CI: 0 to 0)",2,"0 (95% CI: 0 to 0)",3,0,0,13
"167",4,"Race, Ethnicity, Sex, Education",7,"2009-2019","Hispanic","Black","Male","<HS","All",NA,NA,"11.9 (95% CI: 5.36 to 18.6)",4,NA,-0.0638,3,NA,NA,"0.252 (95% CI: -6.4 to 6.87)",400,NA,-0.478,3,NA,NA,"2.17 (95% CI: -53.9 to 59)",4,NA,-5.44,3
"168",4,"Race, Ethnicity, Sex, Education",26,"1993-2019","Non-Hispanic","Black","Male",">=HS","All","7.17 (95% CI: 5.76 to 8.73)",3,"12.7 (95% CI: 11.2 to 14)",5,5.51,0.189,7,"0.831 (95% CI: -0.587 to 2.54)",3,"1.02 (95% CI: -0.506 to 2.43)",500,0.191,-0.0251,7,"13.3 (95% CI: -9.25 to 41.1)",3,"8.79 (95% CI: -4.22 to 20.9)",5,-4.46,-0.611,10
"169",4,"Race, Ethnicity, Sex, Education",26,"1993-2019","Hispanic","White","Female","<HS","All","13 (95% CI: 8.29 to 18.8)",8,"13.8 (95% CI: 10.7 to 16.9)",6,0.792,-0.0344,4,"6.63 (95% CI: 1.82 to 12.6)",8,"2.1 (95% CI: -1.16 to 5.31)",600,-4.53,-0.249,4,"105 (95% CI: 29 to 200)",8,"18.1 (95% CI: -9.65 to 46.6)",6,-86.7,-4.37,5
"170",4,"Race, Ethnicity, Sex, Education",12,"2004-2019","Hispanic","Black","Male",">=HS","All",NA,NA,"14.8 (95% CI: 8.11 to 22.9)",7,NA,0.105,6,NA,NA,"3.12 (95% CI: -3.35 to 11.1)",700,NA,-0.224,5,NA,NA,"26.8 (95% CI: -28.7 to 96.1)",7,NA,-3.97,6
"171",4,"Race, Ethnicity, Sex, Education",26,"1993-2019","Hispanic","White","Female",">=HS","All","9.89 (95% CI: 7.3 to 12.6)",5,"15.7 (95% CI: 13.8 to 17.7)",8,5.82,0.268,10,"3.55 (95% CI: 0.935 to 6.39)",5,"4.06 (95% CI: 2.1 to 6.02)",800,0.504,0.0534,10,"56.2 (95% CI: 14.7 to 103)",5,"34.9 (95% CI: 17.6 to 51.7)",8,-21.4,-0.432,11
"172",4,"Race, Ethnicity, Sex, Education",24,"1994-2019","Hispanic","Black","Female",">=HS","All",NA,NA,"16.2 (95% CI: 11.5 to 21.6)",9,NA,0.323,13,NA,NA,"4.53 (95% CI: -0.174 to 9.9)",900,NA,0.0907,13,NA,NA,"38.9 (95% CI: -1.45 to 87.2)",9,NA,-0.636,9
"173",4,"Race, Ethnicity, Sex, Education",26,"1993-2019","Non-Hispanic","Black","Female",">=HS","All","10.7 (95% CI: 9.37 to 12)",7,"16.8 (95% CI: 15.7 to 18.1)",10,6.13,0.227,9,"4.38 (95% CI: 3.02 to 5.73)",7,"5.19 (95% CI: 3.85 to 6.51)",1000,0.814,0.0125,9,"69.2 (95% CI: 46.4 to 93.6)",7,"44.6 (95% CI: 32.6 to 56.6)",10,-24.6,-1.26,7
"174",4,"Race, Ethnicity, Sex, Education",26,"1993-2019","Non-Hispanic","White","Female",">=HS","All","9.77 (95% CI: 9.28 to 10.3)",4,"16.9 (95% CI: 16.4 to 17.4)",11,7.14,0.289,12,"3.43 (95% CI: 2.72 to 4.15)",4,"5.25 (95% CI: 4.63 to 5.9)",1100,1.82,0.0745,12,"54.3 (95% CI: 41.1 to 68.7)",4,"45.1 (95% CI: 38.7 to 51.6)",11,-9.19,-0.358,12
"175",4,"Race, Ethnicity, Sex, Education",26,"1993-2019","Non-Hispanic","Black","Female","<HS","All","16 (95% CI: 12.9 to 19.2)",10,"20.3 (95% CI: 16.4 to 25.2)",12,4.36,0.0761,5,"9.63 (95% CI: 6.5 to 12.9)",10,"8.67 (95% CI: 4.76 to 13.5)",1200,-0.958,-0.138,6,"152 (95% CI: 100 to 206)",10,"74.5 (95% CI: 41.6 to 116)",12,-77.8,-4.45,4
"176",4,"Race, Ethnicity, Sex, Education",26,"1993-2019","Non-Hispanic","White","Male","<HS","All","10.5 (95% CI: 8.65 to 12.7)",6,"23.1 (95% CI: 20.8 to 25.6)",13,12.5,0.461,15,"4.21 (95% CI: 2.26 to 6.41)",6,"11.4 (95% CI: 9.09 to 14)",1300,7.21,0.246,15,"66.6 (95% CI: 35.2 to 101)",6,"98 (95% CI: 77.3 to 121)",13,31.5,0.69,14
"177",4,"Race, Ethnicity, Sex, Education",26,"1993-2019","Non-Hispanic","Black","Male","<HS","All","13.7 (95% CI: 9.41 to 18.3)",9,"23.8 (95% CI: 18.4 to 29.3)",14,10.2,0.382,14,"7.34 (95% CI: 2.83 to 12)",9,"12.2 (95% CI: 6.5 to 17.7)",1400,4.85,0.168,14,"116 (95% CI: 43 to 189)",9,"105 (95% CI: 54.9 to 153)",14,-11.4,-0.819,8
"178",4,"Race, Ethnicity, Sex, Education",26,"1993-2019","Non-Hispanic","White","Female","<HS","All","16.2 (95% CI: 14.6 to 17.8)",11,"37.9 (95% CI: 34.7 to 41.2)",15,21.7,0.882,16,"9.86 (95% CI: 8.18 to 11.4)",11,"26.3 (95% CI: 22.9 to 29.7)",1500,16.4,0.668,16,"156 (95% CI: 126 to 187)",11,"225 (95% CI: 196 to 257)",15,69.6,2.89,16
"179",4,"Race, Ethnicity, Sex, Education",5,"2009-2017","Hispanic","Black","Female","<HS","All",NA,NA,NA,NA,NA,-0.948,1,NA,NA,NA,NA,NA,-1.14,1,NA,NA,NA,NA,NA,-14.1,1
"180",4,"Race, Ethnicity, Sex, Poverty Status",26,"1993-2019","Hispanic","White","Male","All","Not In Poverty","6.74 (95% CI: 4.41 to 9.23)",3,"9.85 (95% CI: 8.16 to 11.6)",1,3.11,0.175,6,"0.719 (95% CI: -1.72 to 3.28)",3,"-1.2 (95% CI: -2.87 to 0.698)",100,-1.92,-0.0294,6,"12.1 (95% CI: -27.9 to 55.2)",3,"-10.8 (95% CI: -26.3 to 6.44)",1,-23,-0.301,9
"181",4,"Race, Ethnicity, Sex, Poverty Status",26,"1993-2019","Non-Hispanic","White","Male","All","Not In Poverty","6.02 (95% CI: 5.6 to 6.47)",1,"11 (95% CI: 10.7 to 11.5)",2,5.03,0.204,8,"0 (95% CI: 0 to 0)",1,"0 (95% CI: 0 to 0)",200,0,0,8,"0 (95% CI: 0 to 0)",1,"0 (95% CI: 0 to 0)",2,0,0,10
"182",4,"Race, Ethnicity, Sex, Poverty Status",26,"1993-2019","Non-Hispanic","Black","Male","All","Not In Poverty","6.09 (95% CI: 4.68 to 7.56)",2,"12.3 (95% CI: 10.8 to 13.8)",3,6.19,0.228,9,"0.0686 (95% CI: -1.36 to 1.67)",2,"1.23 (95% CI: -0.328 to 2.81)",300,1.16,0.0236,9,"1.28 (95% CI: -22.2 to 28)",2,"11.2 (95% CI: -2.92 to 25.8)",3,9.88,0.086,11
"183",4,"Race, Ethnicity, Sex, Poverty Status",9,"2010-2019","Hispanic","Black","Male","All","Not In Poverty",NA,NA,"12.9 (95% CI: 6.36 to 21.7)",4,NA,0.0158,2,NA,NA,"1.85 (95% CI: -4.75 to 10.7)",400,NA,-0.459,1,NA,NA,"16.8 (95% CI: -43.1 to 95.8)",4,NA,-7.31,2
"184",4,"Race, Ethnicity, Sex, Poverty Status",24,"1993-2019","Hispanic","White","Male","All","In Poverty","16.2 (95% CI: 7.75 to 28.1)",11,"13.1 (95% CI: 10.5 to 15.9)",5,-3.13,0.0259,3,"10.2 (95% CI: 1.74 to 22.4)",11,"2.05 (95% CI: -0.546 to 4.8)",500,-8.16,-0.19,4,"170 (95% CI: 30.3 to 378)",11,"18.6 (95% CI: -4.86 to 43.5)",5,-151,-3.66,5
"185",4,"Race, Ethnicity, Sex, Poverty Status",21,"1995-2019","Hispanic","Black","Female","All","Not In Poverty",NA,NA,"14 (95% CI: 8.93 to 20.1)",6,NA,0.405,13,NA,NA,"2.98 (95% CI: -2.08 to 8.94)",600,NA,0.161,13,NA,NA,"27 (95% CI: -18.7 to 80.6)",6,NA,0.885,14
"186",4,"Race, Ethnicity, Sex, Poverty Status",26,"1993-2019","Hispanic","White","Female","All","Not In Poverty","7.88 (95% CI: 5.92 to 10.1)",4,"14.5 (95% CI: 12.5 to 16.7)",7,6.66,0.314,12,"1.86 (95% CI: -0.235 to 4.14)",4,"3.49 (95% CI: 1.29 to 5.61)",700,1.63,0.11,12,"31.1 (95% CI: -3.49 to 71.9)",4,"31.7 (95% CI: 11.5 to 52.3)",7,0.59,0.596,12
"187",4,"Race, Ethnicity, Sex, Poverty Status",26,"1993-2019","Non-Hispanic","Black","Female","All","Not In Poverty","10.3 (95% CI: 8.91 to 11.8)",6,"15 (95% CI: 13.6 to 16.3)",8,4.65,0.176,7,"4.32 (95% CI: 2.75 to 5.81)",6,"3.94 (95% CI: 2.43 to 5.44)",800,-0.378,-0.0279,7,"72 (95% CI: 44.9 to 99.7)",6,"35.7 (95% CI: 21.5 to 49.4)",8,-36.2,-1.64,7
"188",4,"Race, Ethnicity, Sex, Poverty Status",26,"1993-2019","Non-Hispanic","White","Female","All","Not In Poverty","9.23 (95% CI: 8.74 to 9.7)",5,"15.3 (95% CI: 14.8 to 15.8)",9,6.1,0.25,10,"3.21 (95% CI: 2.56 to 3.87)",5,"4.28 (95% CI: 3.53 to 4.94)",900,1.07,0.046,10,"53.6 (95% CI: 41.3 to 68.8)",5,"38.8 (95% CI: 31.2 to 45.7)",9,-14.8,-0.57,8
"189",4,"Race, Ethnicity, Sex, Poverty Status",8,"2009-2019","Hispanic","Black","Male","All","In Poverty",NA,NA,"15.9 (95% CI: 9.25 to 26.1)",10,NA,0.0506,4,NA,NA,"4.81 (95% CI: -1.78 to 15)",1000,NA,-0.377,2,NA,NA,"43.6 (95% CI: -16.2 to 135)",10,NA,-7.68,1
"190",4,"Race, Ethnicity, Sex, Poverty Status",26,"1993-2019","Hispanic","White","Female","All","In Poverty","15.6 (95% CI: 10.6 to 21.3)",10,"15.9 (95% CI: 13.5 to 18.5)",11,0.308,-0.0577,1,"9.57 (95% CI: 4.57 to 15.2)",10,"4.85 (95% CI: 2.47 to 7.48)",1100,-4.72,-0.262,3,"159 (95% CI: 74.9 to 258)",10,"43.9 (95% CI: 22.3 to 68.3)",11,-115,-5.63,3
"191",4,"Race, Ethnicity, Sex, Poverty Status",14,"1994-2019","Hispanic","Black","Female","All","In Poverty",NA,NA,"19.7 (95% CI: 12.2 to 28.9)",12,NA,0.689,15,NA,NA,"8.69 (95% CI: 1.16 to 17.7)",1200,NA,0.39,15,NA,NA,"78.7 (95% CI: 10.7 to 163)",12,NA,1.97,16
"192",4,"Race, Ethnicity, Sex, Poverty Status",26,"1993-2019","Non-Hispanic","Black","Male","All","In Poverty","15.5 (95% CI: 11.1 to 19.7)",9,"20.5 (95% CI: 17.1 to 24.2)",13,5.02,0.149,5,"9.44 (95% CI: 5.29 to 13.8)",9,"9.44 (95% CI: 5.93 to 13.1)",1300,-0.00599,-0.0557,5,"157 (95% CI: 87 to 230)",9,"85.5 (95% CI: 53.3 to 120)",13,-71.7,-3.68,4
"193",4,"Race, Ethnicity, Sex, Poverty Status",26,"1993-2019","Non-Hispanic","Black","Female","All","In Poverty","14 (95% CI: 11.8 to 16.4)",8,"22.2 (95% CI: 19.7 to 24.7)",14,8.13,0.276,11,"8.03 (95% CI: 5.75 to 10.4)",8,"11.1 (95% CI: 8.71 to 13.6)",1400,3.1,0.0712,11,"134 (95% CI: 91.7 to 175)",8,"101 (95% CI: 77 to 123)",14,-32.8,-2.1,6
"194",4,"Race, Ethnicity, Sex, Poverty Status",26,"1993-2019","Non-Hispanic","White","Male","All","In Poverty","13.8 (95% CI: 11.7 to 16)",7,"28.5 (95% CI: 26.5 to 30.4)",15,14.7,0.563,14,"7.78 (95% CI: 5.56 to 10.1)",7,"17.5 (95% CI: 15.5 to 19.3)",1500,9.68,0.359,14,"130 (95% CI: 90.2 to 172)",7,"158 (95% CI: 138 to 178)",15,28.5,0.694,13
"195",4,"Race, Ethnicity, Sex, Poverty Status",26,"1993-2019","Non-Hispanic","White","Female","All","In Poverty","17.5 (95% CI: 15.7 to 19.4)",12,"36.7 (95% CI: 35 to 38.5)",16,19.2,0.754,16,"11.5 (95% CI: 9.62 to 13.4)",12,"25.6 (95% CI: 24.1 to 27.5)",1600,14.1,0.549,16,"191 (95% CI: 155 to 231)",12,"232 (95% CI: 214 to 253)",16,40.8,1.31,15
"196",4,"Race, Sex, Education, Poverty Status",26,"1993-2019","All","White","Male",">=HS","Not In Poverty","5.8 (95% CI: 5.39 to 6.22)",2,"10.4 (95% CI: 10.1 to 10.8)",1,4.65,0.194,5,"0 (95% CI: 0 to 0)",2,"0 (95% CI: 0 to 0)",100,0,0,5,"0 (95% CI: 0 to 0)",2,"0 (95% CI: 0 to 0)",1,0,0,13
"197",4,"Race, Sex, Education, Poverty Status",26,"1993-2019","All","Black","Male",">=HS","Not In Poverty","5.48 (95% CI: 4.26 to 7.05)",1,"11.6 (95% CI: 10.1 to 13.1)",2,6.17,0.217,7,"-0.326 (95% CI: -1.61 to 1.25)",1,"1.2 (95% CI: -0.363 to 2.76)",200,1.53,0.0234,8,"-5.46 (95% CI: -27.3 to 22.3)",1,"11.5 (95% CI: -3.5 to 26.2)",2,17,0.155,14
"198",4,"Race, Sex, Education, Poverty Status",26,"1993-2019","All","White","Female",">=HS","Not In Poverty","8.86 (95% CI: 8.36 to 9.33)",3,"14.7 (95% CI: 14.2 to 15.2)",3,5.81,0.242,9,"3.05 (95% CI: 2.43 to 3.75)",3,"4.22 (95% CI: 3.51 to 4.84)",300,1.17,0.048,9,"52.8 (95% CI: 40.1 to 68.4)",3,"40.4 (95% CI: 32.7 to 47.2)",3,-12.4,-0.527,10
"199",4,"Race, Sex, Education, Poverty Status",26,"1993-2019","All","Black","Female",">=HS","Not In Poverty","9.89 (95% CI: 8.45 to 11.5)",5,"14.9 (95% CI: 13.6 to 16.3)",4,5.02,0.204,6,"4.09 (95% CI: 2.57 to 5.57)",5,"4.46 (95% CI: 2.92 to 5.89)",400,0.375,0.0104,6,"70.6 (95% CI: 43 to 97.6)",5,"42.8 (95% CI: 27.6 to 57.2)",4,-27.9,-1.24,8
"200",4,"Race, Sex, Education, Poverty Status",26,"1993-2019","All","Black","Female","<HS","Not In Poverty","14.9 (95% CI: 10.6 to 20.1)",11,"15.5 (95% CI: 10.5 to 21.3)",5,0.616,-0.097,2,"9.12 (95% CI: 4.59 to 14.3)",11,"5.09 (95% CI: -0.0635 to 10.6)",500,-4.03,-0.291,2,"158 (95% CI: 79.6 to 247)",11,"48.8 (95% CI: -0.587 to 103)",5,-109,-6.22,2
"201",4,"Race, Sex, Education, Poverty Status",26,"1993-2019","All","White","Male","<HS","Not In Poverty","8.95 (95% CI: 7.18 to 11.3)",4,"16.5 (95% CI: 14.3 to 19.1)",6,7.53,0.28,11,"3.15 (95% CI: 1.35 to 5.31)",4,"6.03 (95% CI: 3.75 to 8.66)",600,2.89,0.0867,11,"54.4 (95% CI: 22.7 to 93.8)",4,"57.8 (95% CI: 36.1 to 84.1)",6,3.39,-0.341,12
"202",4,"Race, Sex, Education, Poverty Status",26,"1993-2019","All","Black","Male",">=HS","In Poverty","13.8 (95% CI: 8.39 to 18.6)",10,"18.4 (95% CI: 14.7 to 22.4)",7,4.63,0.113,3,"7.99 (95% CI: 2.56 to 13)",10,"7.98 (95% CI: 4.27 to 12)",700,-0.0126,-0.0804,3,"138 (95% CI: 43.9 to 230)",10,"76.4 (95% CI: 40.8 to 116)",7,-61.6,-3.73,6
"203",4,"Race, Sex, Education, Poverty Status",26,"1993-2019","All","Black","Male","<HS","Not In Poverty","12.2 (95% CI: 6.47 to 18.6)",7,"19.9 (95% CI: 12.1 to 28)",8,7.74,0.344,13,"6.35 (95% CI: 1.04 to 12.7)",7,"9.44 (95% CI: 1.81 to 17.6)",800,3.09,0.15,13,"110 (95% CI: 19.1 to 221)",7,"90.4 (95% CI: 17 to 172)",8,-19.2,-0.484,11
"204",4,"Race, Sex, Education, Poverty Status",26,"1993-2019","All","White","Male","<HS","In Poverty","20.3 (95% CI: 12.8 to 30.1)",16,"20 (95% CI: 17.5 to 23)",9,-0.261,-0.115,1,"14.5 (95% CI: 7.14 to 24.4)",16,"9.55 (95% CI: 7.01 to 12.4)",900,-4.91,-0.308,1,"250 (95% CI: 125 to 428)",16,"91.5 (95% CI: 66.3 to 120)",9,-158,-8.01,1
"205",4,"Race, Sex, Education, Poverty Status",26,"1993-2019","All","Black","Female",">=HS","In Poverty","13.1 (95% CI: 10.7 to 15.7)",8,"21.9 (95% CI: 19.4 to 24.6)",10,8.79,0.315,12,"7.35 (95% CI: 4.84 to 10)",8,"11.5 (95% CI: 9.06 to 14.1)",1000,4.15,0.121,12,"127 (95% CI: 80.4 to 174)",8,"110 (95% CI: 85.7 to 135)",10,-16.8,-1.48,7
"206",4,"Race, Sex, Education, Poverty Status",26,"1993-2019","All","Black","Female","<HS","In Poverty","16.5 (95% CI: 12.5 to 21)",12,"22.3 (95% CI: 17 to 28.2)",11,5.78,0.176,4,"10.7 (95% CI: 6.71 to 15.2)",12,"11.9 (95% CI: 6.37 to 17.8)",1100,1.13,-0.0178,4,"185 (95% CI: 114 to 265)",12,"114 (95% CI: 60.3 to 172)",11,-71.5,-3.96,3
"207",4,"Race, Sex, Education, Poverty Status",25,"1993-2019","All","Black","Male","<HS","In Poverty","17.3 (95% CI: 10.5 to 25)",14,"23.3 (95% CI: 17.3 to 30.3)",12,5.97,0.219,8,"11.5 (95% CI: 4.59 to 19.4)",14,"12.8 (95% CI: 6.78 to 19.7)",1200,1.32,0.0181,7,"199 (95% CI: 82.2 to 342)",14,"123 (95% CI: 64.7 to 189)",12,-75.9,-3.82,5
"208",4,"Race, Sex, Education, Poverty Status",26,"1993-2019","All","White","Male",">=HS","In Poverty","11.9 (95% CI: 9.61 to 14.2)",6,"24.1 (95% CI: 22.3 to 25.9)",13,12.2,0.49,15,"6.1 (95% CI: 3.91 to 8.6)",6,"13.7 (95% CI: 11.7 to 15.6)",1300,7.58,0.296,15,"105 (95% CI: 66.2 to 154)",6,"131 (95% CI: 112 to 153)",13,25.6,0.797,15
"209",4,"Race, Sex, Education, Poverty Status",26,"1993-2019","All","White","Female","<HS","In Poverty","18.7 (95% CI: 16 to 21.7)",15,"25.5 (95% CI: 22.7 to 28.3)",14,6.79,0.245,10,"12.9 (95% CI: 10.1 to 15.8)",15,"15.1 (95% CI: 12.2 to 17.9)",1400,2.15,0.0512,10,"223 (95% CI: 172 to 280)",15,"144 (95% CI: 113 to 173)",14,-78.8,-3.83,4
"210",4,"Race, Sex, Education, Poverty Status",26,"1993-2019","All","White","Female","<HS","Not In Poverty","13.4 (95% CI: 11.5 to 15.4)",9,"27.6 (95% CI: 23.7 to 31.9)",15,14.3,0.574,16,"7.58 (95% CI: 5.71 to 9.65)",9,"17.2 (95% CI: 13.2 to 21.3)",1500,9.61,0.38,16,"131 (95% CI: 95.6 to 171)",9,"165 (95% CI: 125 to 204)",15,33.7,1.12,16
"211",4,"Race, Sex, Education, Poverty Status",26,"1993-2019","All","White","Female",">=HS","In Poverty","16.6 (95% CI: 14.2 to 19)",13,"29.5 (95% CI: 27.9 to 31.2)",16,12.9,0.487,14,"10.8 (95% CI: 8.46 to 13.2)",13,"19 (95% CI: 17.4 to 20.7)",1600,8.23,0.293,14,"186 (95% CI: 145 to 234)",13,"182 (95% CI: 163 to 202)",16,-4.23,-0.875,9
"212",5,"Fully Intersectionally",24,"1994-2019","Hispanic","White","Male","<HS","Not In Poverty",NA,NA,"5.22 (95% CI: 2.88 to 8.46)",1,NA,-0.303,2,NA,NA,"-5.18 (95% CI: -7.63 to -1.79)",100,NA,-0.483,2,NA,NA,"-49.8 (95% CI: -72.4 to -17.6)",1,NA,-7.49,2
"213",5,"Fully Intersectionally",26,"1993-2019","Non-Hispanic","White","Male",">=HS","Not In Poverty","5.8 (95% CI: 5.37 to 6.26)",2,"10.4 (95% CI: 10 to 10.8)",2,4.6,0.189,12,"0 (95% CI: 0 to 0)",2,"0 (95% CI: 0 to 0)",200,0,0,13,"0 (95% CI: 0 to 0)",2,"0 (95% CI: 0 to 0)",2,0,0,20
"214",5,"Fully Intersectionally",26,"1993-2019","Hispanic","White","Male",">=HS","Not In Poverty","5.9 (95% CI: 3.66 to 8.66)",3,"10.9 (95% CI: 9.04 to 13.1)",3,4.98,0.26,17,"0.103 (95% CI: -2.1 to 2.69)",3,"0.478 (95% CI: -1.35 to 2.71)",300,0.375,0.0709,18,"2.02 (95% CI: -36.8 to 47)",3,"4.64 (95% CI: -13.2 to 26.5)",3,2.62,0.865,23
"215",5,"Fully Intersectionally",26,"1993-2019","Non-Hispanic","Black","Male",">=HS","Not In Poverty","5.5 (95% CI: 4.31 to 7.07)",1,"11.5 (95% CI: 9.97 to 13)",4,5.95,0.215,15,"-0.295 (95% CI: -1.61 to 1.29)",1,"1.05 (95% CI: -0.422 to 2.58)",400,1.35,0.0262,16,"-4.92 (95% CI: -26.5 to 22.2)",1,"10.2 (95% CI: -3.97 to 24.9)",4,15.1,0.204,21
"216",5,"Fully Intersectionally",22,"1996-2019","Hispanic","White","Male","<HS","In Poverty",NA,NA,"11.9 (95% CI: 8.36 to 16.1)",5,NA,0.164,11,NA,NA,"1.54 (95% CI: -2.13 to 5.76)",500,NA,-0.0396,12,NA,NA,"14.8 (95% CI: -20 to 55.5)",5,NA,-1,16
"217",5,"Fully Intersectionally",25,"1993-2019","Hispanic","White","Female","<HS","In Poverty","15.1 (95% CI: 8.22 to 23.5)",15,"12.9 (95% CI: 9.71 to 16.5)",6,-2.23,0.149,10,"9.29 (95% CI: 2.6 to 17.7)",15,"2.45 (95% CI: -0.789 to 6.15)",600,-6.84,-0.0439,11,"161 (95% CI: 44.5 to 302)",15,"23.6 (95% CI: -7.38 to 59.4)",6,-137,-1.14,15
"218",5,"Fully Intersectionally",18,"1995-2019","Hispanic","Black","Female",">=HS","Not In Poverty",NA,NA,"14.1 (95% CI: 8.92 to 20.4)",7,NA,0.0825,6,NA,NA,"3.73 (95% CI: -1.42 to 10.1)",700,NA,-0.156,6,NA,NA,"36 (95% CI: -14 to 98.6)",7,NA,-4.27,9
"219",5,"Fully Intersectionally",26,"1993-2019","Hispanic","White","Female",">=HS","Not In Poverty","7.8 (95% CI: 5.82 to 10.1)",4,"14.2 (95% CI: 12.2 to 16.4)",8,6.42,0.316,20,"2 (95% CI: -0.136 to 4.33)",4,"3.82 (95% CI: 1.64 to 6.02)",800,1.82,0.127,20,"34.8 (95% CI: -2.28 to 78.4)",4,"36.8 (95% CI: 15.6 to 58.2)",8,2,0.811,22
"220",5,"Fully Intersectionally",20,"1996-2019","Hispanic","White","Male",">=HS","In Poverty",NA,NA,"14.4 (95% CI: 10.9 to 18.3)",9,NA,0.000724,4,NA,NA,"3.96 (95% CI: 0.457 to 7.88)",900,NA,-0.221,5,NA,NA,"38.1 (95% CI: 4.38 to 76)",9,NA,-4.95,7
"221",5,"Fully Intersectionally",26,"1993-2019","Non-Hispanic","White","Female",">=HS","Not In Poverty","8.91 (95% CI: 8.38 to 9.38)",7,"14.7 (95% CI: 14.2 to 15.2)",10,5.81,0.238,16,"3.11 (95% CI: 2.48 to 3.8)",7,"4.31 (95% CI: 3.6 to 4.92)",1000,1.2,0.0494,17,"53.8 (95% CI: 41 to 69.2)",7,"41.5 (95% CI: 33.8 to 48.4)",10,-12.3,-0.511,18
"222",5,"Fully Intersectionally",7,"2011-2019","Hispanic","Black","Male",">=HS","Not In Poverty",NA,NA,"14.8 (95% CI: 6.94 to 25.5)",11,NA,0.136,9,NA,NA,"4.41 (95% CI: -3.59 to 15.1)",1100,NA,-0.249,4,NA,NA,"42.4 (95% CI: -34.4 to 144)",11,NA,-5.62,5
"223",5,"Fully Intersectionally",26,"1993-2019","Non-Hispanic","Black","Female",">=HS","Not In Poverty","9.86 (95% CI: 8.35 to 11.5)",8,"15 (95% CI: 13.6 to 16.3)",12,5.09,0.202,14,"4.06 (95% CI: 2.4 to 5.53)",8,"4.55 (95% CI: 3.04 to 6.04)",1200,0.486,0.0134,15,"70.3 (95% CI: 40.5 to 97.5)",8,"43.8 (95% CI: 28.8 to 58.9)",12,-26.5,-1.19,14
"224",5,"Fully Intersectionally",26,"1993-2019","Non-Hispanic","Black","Female","<HS","Not In Poverty","14.7 (95% CI: 10.2 to 20)",14,"15.8 (95% CI: 10.5 to 21.9)",13,1.08,-0.0802,3,"8.9 (95% CI: 4.1 to 14.2)",14,"5.38 (95% CI: -0.0899 to 11.4)",1300,-3.53,-0.269,3,"154 (95% CI: 70 to 253)",14,"51.7 (95% CI: -0.849 to 108)",13,-102,-5.96,4
"225",5,"Fully Intersectionally",25,"1993-2019","Hispanic","White","Female","<HS","Not In Poverty","8.5 (95% CI: 4.33 to 14)",5,"16.8 (95% CI: 10.4 to 24.9)",14,8.31,0.277,18,"2.7 (95% CI: -1.59 to 8.41)",5,"6.41 (95% CI: -0.0518 to 14.5)",1400,3.71,0.0846,19,"46.8 (95% CI: -26.4 to 148)",5,"61.7 (95% CI: -0.491 to 139)",14,15,-0.508,19
"226",5,"Fully Intersectionally",1,"2019-2019","Hispanic","Black","Male","<HS","In Poverty",NA,NA,"17.2 (95% CI: 7.67 to 28.7)",15,NA,NA,NA,NA,NA,"6.83 (95% CI: -2.93 to 18.3)",1500,NA,NA,NA,NA,NA,"65.7 (95% CI: -27.7 to 178)",15,NA,NA,NA
"227",5,"Fully Intersectionally",26,"1993-2019","Hispanic","White","Female",">=HS","In Poverty","16 (95% CI: 8.92 to 24.8)",16,"18.4 (95% CI: 14.7 to 22.4)",16,2.35,0.0605,5,"10.2 (95% CI: 2.95 to 18.9)",16,"7.98 (95% CI: 4.24 to 12.1)",1600,-2.25,-0.129,7,"177 (95% CI: 53.9 to 331)",16,"76.8 (95% CI: 40.8 to 117)",16,-100,-4.61,8
"228",5,"Fully Intersectionally",26,"1993-2019","Non-Hispanic","Black","Male",">=HS","In Poverty","14.3 (95% CI: 8.69 to 19.3)",13,"18.8 (95% CI: 15 to 23.3)",17,4.57,0.134,8,"8.47 (95% CI: 2.78 to 13.6)",13,"8.44 (95% CI: 4.6 to 12.9)",1700,-0.0346,-0.0549,9,"146 (95% CI: 47.2 to 242)",13,"81.2 (95% CI: 44.3 to 124)",17,-65.3,-3.48,11
"229",5,"Fully Intersectionally",26,"1993-2019","Non-Hispanic","White","Male","<HS","Not In Poverty","8.64 (95% CI: 6.74 to 11.1)",6,"20.4 (95% CI: 17.7 to 23.6)",18,11.8,0.438,22,"2.85 (95% CI: 1.04 to 5.23)",6,"10 (95% CI: 7.23 to 13.1)",1800,7.17,0.249,23,"49.3 (95% CI: 17.8 to 92.9)",6,"96.4 (95% CI: 68.8 to 128)",18,47.1,1.29,26
"230",5,"Fully Intersectionally",9,"2010-2019","Hispanic","Black","Female",">=HS","In Poverty",NA,NA,"21.7 (95% CI: 11.9 to 33.5)",19,NA,0.294,19,NA,NA,"11.3 (95% CI: 1.45 to 23.1)",1900,NA,-0.0528,10,NA,NA,"108 (95% CI: 13.9 to 219)",19,NA,-5.55,6
"231",5,"Fully Intersectionally",26,"1993-2019","Non-Hispanic","Black","Female",">=HS","In Poverty","12.8 (95% CI: 10.3 to 15.6)",10,"22 (95% CI: 19.4 to 24.6)",20,9.17,0.32,21,"6.99 (95% CI: 4.51 to 9.74)",10,"11.6 (95% CI: 8.95 to 14.4)",2000,4.56,0.131,21,"121 (95% CI: 76.2 to 170)",10,"111 (95% CI: 84.9 to 137)",20,-9.68,-1.25,13
"232",5,"Fully Intersectionally",26,"1993-2019","Non-Hispanic","Black","Male","<HS","Not In Poverty","10.3 (95% CI: 5.09 to 16.1)",9,"22.7 (95% CI: 14 to 31.8)",21,12.4,0.509,23,"4.53 (95% CI: -0.749 to 10.5)",9,"12.3 (95% CI: 3.6 to 21.4)",2100,7.8,0.32,24,"78.4 (95% CI: -12.9 to 188)",9,"119 (95% CI: 34.5 to 207)",21,40.3,1.66,27
"233",5,"Fully Intersectionally",26,"1993-2019","Non-Hispanic","Black","Female","<HS","In Poverty","16.7 (95% CI: 12.7 to 21.3)",18,"23.2 (95% CI: 17.4 to 29.4)",22,6.5,0.189,13,"10.9 (95% CI: 6.77 to 15.6)",18,"12.8 (95% CI: 7.11 to 19)",2200,1.89,0.000196,14,"188 (95% CI: 117 to 275)",18,"123 (95% CI: 68.1 to 182)",22,-65.2,-3.84,10
"234",5,"Fully Intersectionally",24,"1993-2019","Non-Hispanic","Black","Male","<HS","In Poverty","18.2 (95% CI: 11 to 26.6)",20,"24.9 (95% CI: 17.7 to 33.1)",23,6.71,0.0831,7,"12.4 (95% CI: 5.27 to 20.8)",20,"14.5 (95% CI: 7.11 to 22.8)",2300,2.11,-0.112,8,"214 (95% CI: 92.1 to 356)",20,"140 (95% CI: 68.8 to 221)",23,-74.6,-6.21,3
"235",5,"Fully Intersectionally",26,"1993-2019","Non-Hispanic","White","Male",">=HS","In Poverty","12.9 (95% CI: 10.2 to 15.4)",11,"27.6 (95% CI: 25.5 to 29.6)",24,14.8,0.57,25,"7.07 (95% CI: 4.47 to 9.72)",11,"17.2 (95% CI: 15.1 to 19.4)",2400,10.2,0.381,26,"122 (95% CI: 75.9 to 173)",11,"166 (95% CI: 143 to 188)",24,43.6,1.27,25
"236",5,"Fully Intersectionally",26,"1993-2019","Non-Hispanic","White","Female","<HS","Not In Poverty","13.9 (95% CI: 11.9 to 15.9)",12,"31.5 (95% CI: 26.9 to 36.4)",25,17.7,0.704,28,"8.05 (95% CI: 6.02 to 10.2)",12,"21.1 (95% CI: 16.6 to 26)",2500,13.1,0.515,28,"139 (95% CI: 99.4 to 181)",12,"203 (95% CI: 156 to 252)",25,63.8,2.33,28
"237",5,"Fully Intersectionally",26,"1993-2019","Non-Hispanic","White","Male","<HS","In Poverty","16.8 (95% CI: 12.5 to 22)",19,"31.7 (95% CI: 26.7 to 36.4)",26,14.9,0.533,24,"11 (95% CI: 6.61 to 15.9)",19,"21.3 (95% CI: 16.1 to 26.1)",2600,10.3,0.344,25,"191 (95% CI: 113 to 278)",19,"205 (95% CI: 154 to 254)",26,14.1,-0.56,17
"238",5,"Fully Intersectionally",26,"1993-2019","Non-Hispanic","White","Female",">=HS","In Poverty","16.7 (95% CI: 14.3 to 19.1)",17,"34.5 (95% CI: 32.9 to 36.3)",27,17.8,0.68,27,"10.9 (95% CI: 8.49 to 13.3)",17,"24.1 (95% CI: 22.4 to 25.9)",2700,13.2,0.491,27,"188 (95% CI: 143 to 234)",17,"231 (95% CI: 212 to 253)",27,43.6,1.06,24
"239",5,"Fully Intersectionally",26,"1993-2019","Non-Hispanic","White","Female","<HS","In Poverty","19.9 (95% CI: 17.1 to 23)",21,"46.7 (95% CI: 42.2 to 51.1)",28,26.8,1.13,29,"14.1 (95% CI: 11.3 to 17.3)",21,"36.3 (95% CI: 31.7 to 40.5)",2800,22.2,0.944,29,"244 (95% CI: 189 to 304)",21,"350 (95% CI: 303 to 392)",28,105,4.78,29
"240",5,"Fully Intersectionally",3,"2012-2017","Hispanic","Black","Female","<HS","In Poverty",NA,NA,NA,NA,NA,-1.03,1,NA,NA,NA,NA,NA,-0.943,1,NA,NA,NA,NA,NA,-10.2,1
"241",5,"Fully Intersectionally",0,NA,"Hispanic","Black","Female","<HS","Not In Poverty",NA,NA,NA,NA,NA,NA,NA,NA,NA,NA,NA,NA,NA,NA,NA,NA,NA,NA,NA,NA,NA
"242",5,"Fully Intersectionally",0,NA,"Hispanic","Black","Male","<HS","Not In Poverty",NA,NA,NA,NA,NA,NA,NA,NA,NA,NA,NA,NA,NA,NA,NA,NA,NA,NA,NA,NA,NA
"243",5,"Fully Intersectionally",2,"2016-2018","Hispanic","Black","Male",">=HS","In Poverty",NA,NA,NA,NA,NA,0.675,26,NA,NA,NA,NA,NA,0.16,22,NA,NA,NA,NA,NA,-2.77,12
